2026-08-13T01:23:41.744801Z  INFO tailwindcss_oxide::scanner: Provided sources:
2026-08-13T01:23:41.744856Z  INFO tailwindcss_oxide::scanner: Source: PublicSourceEntry { base: "/home/z/my-project", pattern: "**/*", negated: false }
2026-08-13T01:23:41.744898Z  INFO tailwindcss_oxide::scanner: Optimized sources:
2026-08-13T01:23:41.744899Z  INFO tailwindcss_oxide::scanner: Source: Auto { base: "/home/z/my-project" }
2026-08-13T01:23:41.746198Z  INFO scan_sources: tailwindcss_oxide::scanner: enter
2026-08-13T01:23:41.746899Z  INFO scan_sources: tailwindcss_oxide::scanner: Discovering "/home/z/my-project/upload"
2026-08-13T01:23:41.823769Z  INFO scan_sources: tailwindcss_oxide::scanner: Discovering "/home/z/my-project/prisma"
2026-08-13T01:23:41.823879Z  INFO scan_sources: tailwindcss_oxide::scanner: Discovering "/home/z/my-project/prisma/schema.prisma"
2026-08-13T01:23:41.823899Z  INFO scan_sources: tailwindcss_oxide::scanner: Discovering "/home/z/my-project/components.json"
2026-08-13T01:23:41.823934Z  INFO scan_sources: tailwindcss_oxide::scanner: Discovering "/home/z/my-project/db"
2026-08-13T01:23:41.823972Z  INFO scan_sources: tailwindcss_oxide::scanner: Discovering "/home/z/my-project/nilov-catering"
2026-08-13T01:23:41.824434Z  INFO scan_sources: tailwindcss_oxide::scanner: Discovering "/home/z/my-project/nilov-catering/components.json"
2026-08-13T01:23:41.824457Z  INFO scan_sources: tailwindcss_oxide::scanner: Discovering "/home/z/my-project/nilov-catering/.env"
2026-08-13T01:23:41.824478Z  INFO scan_sources: tailwindcss_oxide::scanner: Discovering "/home/z/my-project/nilov-catering/PRODUCT_BLUEPRINT_V3.md"
2026-08-13T01:23:41.824493Z  INFO scan_sources: tailwindcss_oxide::scanner: Discovering "/home/z/my-project/nilov-catering/RESEARCH_CATERING_SITES_2026.md"
2026-08-13T01:23:41.824527Z  INFO scan_sources: tailwindcss_oxide::scanner: Discovering "/home/z/my-project/nilov-catering/hooks"
2026-08-13T01:23:41.824557Z  INFO scan_sources: tailwindcss_oxide::scanner: Discovering "/home/z/my-project/nilov-catering/hooks/useDeliveryCart.ts"
2026-08-13T01:23:41.824568Z  INFO scan_sources: tailwindcss_oxide::scanner: Discovering "/home/z/my-project/nilov-catering/hooks/useCalculator.ts"
2026-08-13T01:23:41.824590Z  INFO scan_sources: tailwindcss_oxide::scanner: Discovering "/home/z/my-project/nilov-catering/hooks/useConstructor.ts"
2026-08-13T01:23:41.824606Z  INFO scan_sources: tailwindcss_oxide::scanner: Discovering "/home/z/my-project/nilov-catering/hooks/useFocusTrap.ts"
2026-08-13T01:23:41.824621Z  INFO scan_sources: tailwindcss_oxide::scanner: Discovering "/home/z/my-project/nilov-catering/.nvmrc"
2026-08-13T01:23:41.824634Z  INFO scan_sources: tailwindcss_oxide::scanner: Discovering "/home/z/my-project/nilov-catering/eslint.config.mjs"
2026-08-13T01:23:41.824646Z  INFO scan_sources: tailwindcss_oxide::scanner: Discovering "/home/z/my-project/nilov-catering/audit-reports"
2026-08-13T01:23:41.824696Z  INFO scan_sources: tailwindcss_oxide::scanner: Discovering "/home/z/my-project/nilov-catering/snapshots-w90"
2026-08-13T01:23:41.824746Z  INFO scan_sources: tailwindcss_oxide::scanner: Discovering "/home/z/my-project/nilov-catering/snapshots-v7-resized"
2026-08-13T01:23:41.824802Z  INFO scan_sources: tailwindcss_oxide::scanner: Discovering "/home/z/my-project/nilov-catering/lib"
2026-08-13T01:23:41.824831Z  INFO scan_sources: tailwindcss_oxide::scanner: Discovering "/home/z/my-project/nilov-catering/lib/fonts.ts"
2026-08-13T01:23:41.824841Z  INFO scan_sources: tailwindcss_oxide::scanner: Discovering "/home/z/my-project/nilov-catering/lib/video.ts"
2026-08-13T01:23:41.824852Z  INFO scan_sources: tailwindcss_oxide::scanner: Discovering "/home/z/my-project/nilov-catering/lib/menu-data.ts"
2026-08-13T01:23:41.824860Z  INFO scan_sources: tailwindcss_oxide::scanner: Discovering "/home/z/my-project/nilov-catering/lib/schemas.ts"
2026-08-13T01:23:41.824868Z  INFO scan_sources: tailwindcss_oxide::scanner: Discovering "/home/z/my-project/nilov-catering/lib/types.ts"
2026-08-13T01:23:41.824880Z  INFO scan_sources: tailwindcss_oxide::scanner: Discovering "/home/z/my-project/nilov-catering/lib/dish-images.ts"
2026-08-13T01:23:41.824902Z  INFO scan_sources: tailwindcss_oxide::scanner: Discovering "/home/z/my-project/nilov-catering/lib/tariff-offers.ts"
2026-08-13T01:23:41.824911Z  INFO scan_sources: tailwindcss_oxide::scanner: Discovering "/home/z/my-project/nilov-catering/lib/constants.ts"
2026-08-13T01:23:41.824920Z  INFO scan_sources: tailwindcss_oxide::scanner: Discovering "/home/z/my-project/nilov-catering/lib/icon-map.ts"
2026-08-13T01:23:41.824928Z  INFO scan_sources: tailwindcss_oxide::scanner: Discovering "/home/z/my-project/nilov-catering/lib/get-dishes.ts"
2026-08-13T01:23:41.824940Z  INFO scan_sources: tailwindcss_oxide::scanner: Discovering "/home/z/my-project/nilov-catering/lib/pricing.ts"
2026-08-13T01:23:41.824949Z  INFO scan_sources: tailwindcss_oxide::scanner: Discovering "/home/z/my-project/nilov-catering/lib/data.ts"
2026-08-13T01:23:41.824958Z  INFO scan_sources: tailwindcss_oxide::scanner: Discovering "/home/z/my-project/nilov-catering/lib/pricing-context.tsx"
2026-08-13T01:23:41.824967Z  INFO scan_sources: tailwindcss_oxide::scanner: Discovering "/home/z/my-project/nilov-catering/lib/content.ts"
2026-08-13T01:23:41.825011Z  INFO scan_sources: tailwindcss_oxide::scanner: Discovering "/home/z/my-project/nilov-catering/lib/pricing-types.ts"
2026-08-13T01:23:41.825026Z  INFO scan_sources: tailwindcss_oxide::scanner: Discovering "/home/z/my-project/nilov-catering/lib/cms.ts"
2026-08-13T01:23:41.825038Z  INFO scan_sources: tailwindcss_oxide::scanner: Discovering "/home/z/my-project/nilov-catering/lib/cms-media-schema.ts"
2026-08-13T01:23:41.825050Z  INFO scan_sources: tailwindcss_oxide::scanner: Discovering "/home/z/my-project/nilov-catering/lib/cms-store.ts"
2026-08-13T01:23:41.825058Z  INFO scan_sources: tailwindcss_oxide::scanner: Discovering "/home/z/my-project/nilov-catering/lib/service-spec.ts"
2026-08-13T01:23:41.825101Z  INFO scan_sources: tailwindcss_oxide::scanner: Discovering "/home/z/my-project/nilov-catering/README.md"
2026-08-13T01:23:41.825121Z  INFO scan_sources: tailwindcss_oxide::scanner: Discovering "/home/z/my-project/nilov-catering/critic-hybrid"
2026-08-13T01:23:41.825202Z  INFO scan_sources: tailwindcss_oxide::scanner: Discovering "/home/z/my-project/nilov-catering/snapshots-v3"
2026-08-13T01:23:41.825251Z  INFO scan_sources: tailwindcss_oxide::scanner: Discovering "/home/z/my-project/nilov-catering/pnpm-workspace.yaml"
2026-08-13T01:23:41.825280Z  INFO scan_sources: tailwindcss_oxide::scanner: Discovering "/home/z/my-project/nilov-catering/app"
2026-08-13T01:23:41.825313Z  INFO scan_sources: tailwindcss_oxide::scanner: Discovering "/home/z/my-project/nilov-catering/app/thank-you"
2026-08-13T01:23:41.825339Z  INFO scan_sources: tailwindcss_oxide::scanner: Discovering "/home/z/my-project/nilov-catering/app/thank-you/page.tsx"
2026-08-13T01:23:41.825351Z  INFO scan_sources: tailwindcss_oxide::scanner: Discovering "/home/z/my-project/nilov-catering/app/sitemap.ts"
2026-08-13T01:23:41.825364Z  INFO scan_sources: tailwindcss_oxide::scanner: Discovering "/home/z/my-project/nilov-catering/app/blog"
2026-08-13T01:23:41.825394Z  INFO scan_sources: tailwindcss_oxide::scanner: Discovering "/home/z/my-project/nilov-catering/app/blog/[slug]"
2026-08-13T01:23:41.825416Z  INFO scan_sources: tailwindcss_oxide::scanner: Discovering "/home/z/my-project/nilov-catering/app/blog/[slug]/page.tsx"
2026-08-13T01:23:41.825427Z  INFO scan_sources: tailwindcss_oxide::scanner: Discovering "/home/z/my-project/nilov-catering/app/blog/page.tsx"
2026-08-13T01:23:41.825442Z  INFO scan_sources: tailwindcss_oxide::scanner: Discovering "/home/z/my-project/nilov-catering/app/robots.ts"
2026-08-13T01:23:41.825455Z  INFO scan_sources: tailwindcss_oxide::scanner: Discovering "/home/z/my-project/nilov-catering/app/info"
2026-08-13T01:23:41.825478Z  INFO scan_sources: tailwindcss_oxide::scanner: Discovering "/home/z/my-project/nilov-catering/app/info/degustatsiya"
2026-08-13T01:23:41.825502Z  INFO scan_sources: tailwindcss_oxide::scanner: Discovering "/home/z/my-project/nilov-catering/app/info/degustatsiya/page.tsx"
2026-08-13T01:23:41.825524Z  INFO scan_sources: tailwindcss_oxide::scanner: Discovering "/home/z/my-project/nilov-catering/app/allergens"
2026-08-13T01:23:41.825545Z  INFO scan_sources: tailwindcss_oxide::scanner: Discovering "/home/z/my-project/nilov-catering/app/allergens/page.tsx"
2026-08-13T01:23:41.825563Z  INFO scan_sources: tailwindcss_oxide::scanner: Discovering "/home/z/my-project/nilov-catering/app/plan"
2026-08-13T01:23:41.825615Z  INFO scan_sources: tailwindcss_oxide::scanner: Discovering "/home/z/my-project/nilov-catering/app/plan/helper"
2026-08-13T01:23:41.825637Z  INFO scan_sources: tailwindcss_oxide::scanner: Discovering "/home/z/my-project/nilov-catering/app/plan/helper/page.tsx"
2026-08-13T01:23:41.825648Z  INFO scan_sources: tailwindcss_oxide::scanner: Discovering "/home/z/my-project/nilov-catering/app/plan/page.tsx"
2026-08-13T01:23:41.825661Z  INFO scan_sources: tailwindcss_oxide::scanner: Discovering "/home/z/my-project/nilov-catering/app/plan/calculator"
2026-08-13T01:23:41.825686Z  INFO scan_sources: tailwindcss_oxide::scanner: Discovering "/home/z/my-project/nilov-catering/app/plan/calculator/page.tsx"
2026-08-13T01:23:41.825699Z  INFO scan_sources: tailwindcss_oxide::scanner: Discovering "/home/z/my-project/nilov-catering/app/plan/assistant"
2026-08-13T01:23:41.825718Z  INFO scan_sources: tailwindcss_oxide::scanner: Discovering "/home/z/my-project/nilov-catering/app/plan/assistant/page.tsx"
2026-08-13T01:23:41.825735Z  INFO scan_sources: tailwindcss_oxide::scanner: Discovering "/home/z/my-project/nilov-catering/app/plan/constructor"
2026-08-13T01:23:41.825755Z  INFO scan_sources: tailwindcss_oxide::scanner: Discovering "/home/z/my-project/nilov-catering/app/plan/constructor/page.tsx"
2026-08-13T01:23:41.825771Z  INFO scan_sources: tailwindcss_oxide::scanner: Discovering "/home/z/my-project/nilov-catering/app/offer"
2026-08-13T01:23:41.825793Z  INFO scan_sources: tailwindcss_oxide::scanner: Discovering "/home/z/my-project/nilov-catering/app/offer/page.tsx"
2026-08-13T01:23:41.825806Z  INFO scan_sources: tailwindcss_oxide::scanner: Discovering "/home/z/my-project/nilov-catering/app/certificates"
2026-08-13T01:23:41.825824Z  INFO scan_sources: tailwindcss_oxide::scanner: Discovering "/home/z/my-project/nilov-catering/app/certificates/page.tsx"
2026-08-13T01:23:41.825839Z  INFO scan_sources: tailwindcss_oxide::scanner: Discovering "/home/z/my-project/nilov-catering/app/media-kit"
2026-08-13T01:23:41.825857Z  INFO scan_sources: tailwindcss_oxide::scanner: Discovering "/home/z/my-project/nilov-catering/app/media-kit/page.tsx"
2026-08-13T01:23:41.825870Z  INFO scan_sources: tailwindcss_oxide::scanner: Discovering "/home/z/my-project/nilov-catering/app/admin"
2026-08-13T01:23:41.825894Z  INFO scan_sources: tailwindcss_oxide::scanner: Discovering "/home/z/my-project/nilov-catering/app/admin/[collection]"
2026-08-13T01:23:41.825915Z  INFO scan_sources: tailwindcss_oxide::scanner: Discovering "/home/z/my-project/nilov-catering/app/admin/[collection]/page.tsx"
2026-08-13T01:23:41.825928Z  INFO scan_sources: tailwindcss_oxide::scanner: Discovering "/home/z/my-project/nilov-catering/app/admin/layout.tsx"
2026-08-13T01:23:41.825937Z  INFO scan_sources: tailwindcss_oxide::scanner: Discovering "/home/z/my-project/nilov-catering/app/admin/page.tsx"
2026-08-13T01:23:41.825951Z  INFO scan_sources: tailwindcss_oxide::scanner: Discovering "/home/z/my-project/nilov-catering/app/icon.tsx"
2026-08-13T01:23:41.825962Z  INFO scan_sources: tailwindcss_oxide::scanner: Discovering "/home/z/my-project/nilov-catering/app/help"
2026-08-13T01:23:41.825997Z  INFO scan_sources: tailwindcss_oxide::scanner: Discovering "/home/z/my-project/nilov-catering/app/help/formats"
2026-08-13T01:23:41.826024Z  INFO scan_sources: tailwindcss_oxide::scanner: Discovering "/home/z/my-project/nilov-catering/app/help/formats/page.tsx"
2026-08-13T01:23:41.826040Z  INFO scan_sources: tailwindcss_oxide::scanner: Discovering "/home/z/my-project/nilov-catering/app/api"
2026-08-13T01:23:41.826067Z  INFO scan_sources: tailwindcss_oxide::scanner: Discovering "/home/z/my-project/nilov-catering/app/api/quote"
2026-08-13T01:23:41.826091Z  INFO scan_sources: tailwindcss_oxide::scanner: Discovering "/home/z/my-project/nilov-catering/app/api/quote/route.ts"
2026-08-13T01:23:41.826103Z  INFO scan_sources: tailwindcss_oxide::scanner: Discovering "/home/z/my-project/nilov-catering/app/api/admin"
2026-08-13T01:23:41.826126Z  INFO scan_sources: tailwindcss_oxide::scanner: Discovering "/home/z/my-project/nilov-catering/app/api/admin/route.ts"
2026-08-13T01:23:41.826139Z  INFO scan_sources: tailwindcss_oxide::scanner: Discovering "/home/z/my-project/nilov-catering/app/api/health"
2026-08-13T01:23:41.826158Z  INFO scan_sources: tailwindcss_oxide::scanner: Discovering "/home/z/my-project/nilov-catering/app/api/health/route.ts"
2026-08-13T01:23:41.826175Z  INFO scan_sources: tailwindcss_oxide::scanner: Discovering "/home/z/my-project/nilov-catering/app/api/cms"
2026-08-13T01:23:41.826212Z  INFO scan_sources: tailwindcss_oxide::scanner: Discovering "/home/z/my-project/nilov-catering/app/api/cms/[collection]"
2026-08-13T01:23:41.826243Z  INFO scan_sources: tailwindcss_oxide::scanner: Discovering "/home/z/my-project/nilov-catering/app/api/cms/[collection]/route.ts"
2026-08-13T01:23:41.826258Z  INFO scan_sources: tailwindcss_oxide::scanner: Discovering "/home/z/my-project/nilov-catering/app/api/calculate"
2026-08-13T01:23:41.826278Z  INFO scan_sources: tailwindcss_oxide::scanner: Discovering "/home/z/my-project/nilov-catering/app/api/calculate/route.ts"
2026-08-13T01:23:41.826296Z  INFO scan_sources: tailwindcss_oxide::scanner: Discovering "/home/z/my-project/nilov-catering/app/api/templates"
2026-08-13T01:23:41.826318Z  INFO scan_sources: tailwindcss_oxide::scanner: Discovering "/home/z/my-project/nilov-catering/app/api/templates/[doc]"
2026-08-13T01:23:41.826343Z  INFO scan_sources: tailwindcss_oxide::scanner: Discovering "/home/z/my-project/nilov-catering/app/api/templates/[doc]/route.tsx"
2026-08-13T01:23:41.826358Z  INFO scan_sources: tailwindcss_oxide::scanner: Discovering "/home/z/my-project/nilov-catering/app/api/contact"
2026-08-13T01:23:41.826376Z  INFO scan_sources: tailwindcss_oxide::scanner: Discovering "/home/z/my-project/nilov-catering/app/api/contact/route.ts"
2026-08-13T01:23:41.826402Z  INFO scan_sources: tailwindcss_oxide::scanner: Discovering "/home/z/my-project/nilov-catering/app/api/newsletter"
2026-08-13T01:23:41.826424Z  INFO scan_sources: tailwindcss_oxide::scanner: Discovering "/home/z/my-project/nilov-catering/app/api/newsletter/route.ts"
2026-08-13T01:23:41.826441Z  INFO scan_sources: tailwindcss_oxide::scanner: Discovering "/home/z/my-project/nilov-catering/app/reviews"
2026-08-13T01:23:41.826463Z  INFO scan_sources: tailwindcss_oxide::scanner: Discovering "/home/z/my-project/nilov-catering/app/reviews/ReviewsMasonry.tsx"
2026-08-13T01:23:41.826472Z  INFO scan_sources: tailwindcss_oxide::scanner: Discovering "/home/z/my-project/nilov-catering/app/reviews/page.tsx"
2026-08-13T01:23:41.826485Z  INFO scan_sources: tailwindcss_oxide::scanner: Discovering "/home/z/my-project/nilov-catering/app/cookies"
2026-08-13T01:23:41.826502Z  INFO scan_sources: tailwindcss_oxide::scanner: Discovering "/home/z/my-project/nilov-catering/app/cookies/page.tsx"
2026-08-13T01:23:41.826519Z  INFO scan_sources: tailwindcss_oxide::scanner: Discovering "/home/z/my-project/nilov-catering/app/gallery"
2026-08-13T01:23:41.826539Z  INFO scan_sources: tailwindcss_oxide::scanner: Discovering "/home/z/my-project/nilov-catering/app/gallery/layout.tsx"
2026-08-13T01:23:41.826549Z  INFO scan_sources: tailwindcss_oxide::scanner: Discovering "/home/z/my-project/nilov-catering/app/gallery/page.tsx"
2026-08-13T01:23:41.826564Z  INFO scan_sources: tailwindcss_oxide::scanner: Discovering "/home/z/my-project/nilov-catering/app/layout.tsx"
2026-08-13T01:23:41.826576Z  INFO scan_sources: tailwindcss_oxide::scanner: Discovering "/home/z/my-project/nilov-catering/app/pricing"
2026-08-13T01:23:41.826605Z  INFO scan_sources: tailwindcss_oxide::scanner: Discovering "/home/z/my-project/nilov-catering/app/pricing/pdf"
2026-08-13T01:23:41.826631Z  INFO scan_sources: tailwindcss_oxide::scanner: Discovering "/home/z/my-project/nilov-catering/app/pricing/pdf/route.ts"
2026-08-13T01:23:41.826643Z  INFO scan_sources: tailwindcss_oxide::scanner: Discovering "/home/z/my-project/nilov-catering/app/pricing/page.tsx"
2026-08-13T01:23:41.826657Z  INFO scan_sources: tailwindcss_oxide::scanner: Discovering "/home/z/my-project/nilov-catering/app/seasonal"
2026-08-13T01:23:41.826682Z  INFO scan_sources: tailwindcss_oxide::scanner: Discovering "/home/z/my-project/nilov-catering/app/seasonal/bbq"
2026-08-13T01:23:41.826702Z  INFO scan_sources: tailwindcss_oxide::scanner: Discovering "/home/z/my-project/nilov-catering/app/seasonal/bbq/page.tsx"
2026-08-13T01:23:41.826713Z  INFO scan_sources: tailwindcss_oxide::scanner: Discovering "/home/z/my-project/nilov-catering/app/seasonal/page.tsx"
2026-08-13T01:23:41.826723Z  INFO scan_sources: tailwindcss_oxide::scanner: Discovering "/home/z/my-project/nilov-catering/app/seasonal/maslenitsa"
2026-08-13T01:23:41.826747Z  INFO scan_sources: tailwindcss_oxide::scanner: Discovering "/home/z/my-project/nilov-catering/app/seasonal/maslenitsa/page.tsx"
2026-08-13T01:23:41.826761Z  INFO scan_sources: tailwindcss_oxide::scanner: Discovering "/home/z/my-project/nilov-catering/app/seasonal/new-year"
2026-08-13T01:23:41.826779Z  INFO scan_sources: tailwindcss_oxide::scanner: Discovering "/home/z/my-project/nilov-catering/app/seasonal/new-year/page.tsx"
2026-08-13T01:23:41.826797Z  INFO scan_sources: tailwindcss_oxide::scanner: Discovering "/home/z/my-project/nilov-catering/app/menu"
2026-08-13T01:23:41.826821Z  INFO scan_sources: tailwindcss_oxide::scanner: Discovering "/home/z/my-project/nilov-catering/app/menu/bar"
2026-08-13T01:23:41.826845Z  INFO scan_sources: tailwindcss_oxide::scanner: Discovering "/home/z/my-project/nilov-catering/app/menu/bar/page.tsx"
2026-08-13T01:23:41.826860Z  INFO scan_sources: tailwindcss_oxide::scanner: Discovering "/home/z/my-project/nilov-catering/app/menu/gluten-free"
2026-08-13T01:23:41.826879Z  INFO scan_sources: tailwindcss_oxide::scanner: Discovering "/home/z/my-project/nilov-catering/app/menu/gluten-free/layout.tsx"
2026-08-13T01:23:41.826889Z  INFO scan_sources: tailwindcss_oxide::scanner: Discovering "/home/z/my-project/nilov-catering/app/menu/gluten-free/page.tsx"
2026-08-13T01:23:41.826906Z  INFO scan_sources: tailwindcss_oxide::scanner: Discovering "/home/z/my-project/nilov-catering/app/menu/vegan"
2026-08-13T01:23:41.826926Z  INFO scan_sources: tailwindcss_oxide::scanner: Discovering "/home/z/my-project/nilov-catering/app/menu/vegan/layout.tsx"
2026-08-13T01:23:41.826935Z  INFO scan_sources: tailwindcss_oxide::scanner: Discovering "/home/z/my-project/nilov-catering/app/menu/vegan/page.tsx"
2026-08-13T01:23:41.826947Z  INFO scan_sources: tailwindcss_oxide::scanner: Discovering "/home/z/my-project/nilov-catering/app/menu/catalog"
2026-08-13T01:23:41.826968Z  INFO scan_sources: tailwindcss_oxide::scanner: Discovering "/home/z/my-project/nilov-catering/app/menu/catalog/layout.tsx"
2026-08-13T01:23:41.826988Z  INFO scan_sources: tailwindcss_oxide::scanner: Discovering "/home/z/my-project/nilov-catering/app/menu/catalog/page.tsx"
2026-08-13T01:23:41.827004Z  INFO scan_sources: tailwindcss_oxide::scanner: Discovering "/home/z/my-project/nilov-catering/app/menu/halal"
2026-08-13T01:23:41.827026Z  INFO scan_sources: tailwindcss_oxide::scanner: Discovering "/home/z/my-project/nilov-catering/app/menu/halal/layout.tsx"
2026-08-13T01:23:41.827035Z  INFO scan_sources: tailwindcss_oxide::scanner: Discovering "/home/z/my-project/nilov-catering/app/menu/halal/page.tsx"
2026-08-13T01:23:41.827048Z  INFO scan_sources: tailwindcss_oxide::scanner: Discovering "/home/z/my-project/nilov-catering/app/menu/furshet"
2026-08-13T01:23:41.827070Z  INFO scan_sources: tailwindcss_oxide::scanner: Discovering "/home/z/my-project/nilov-catering/app/menu/furshet/layout.tsx"
2026-08-13T01:23:41.827079Z  INFO scan_sources: tailwindcss_oxide::scanner: Discovering "/home/z/my-project/nilov-catering/app/menu/furshet/page.tsx"
2026-08-13T01:23:41.827094Z  INFO scan_sources: tailwindcss_oxide::scanner: Discovering "/home/z/my-project/nilov-catering/app/menu/detskoe"
2026-08-13T01:23:41.827113Z  INFO scan_sources: tailwindcss_oxide::scanner: Discovering "/home/z/my-project/nilov-catering/app/menu/detskoe/layout.tsx"
2026-08-13T01:23:41.827125Z  INFO scan_sources: tailwindcss_oxide::scanner: Discovering "/home/z/my-project/nilov-catering/app/menu/detskoe/page.tsx"
2026-08-13T01:23:41.827136Z  INFO scan_sources: tailwindcss_oxide::scanner: Discovering "/home/z/my-project/nilov-catering/app/menu/layout.tsx"
2026-08-13T01:23:41.827147Z  INFO scan_sources: tailwindcss_oxide::scanner: Discovering "/home/z/my-project/nilov-catering/app/menu/coffee-break"
2026-08-13T01:23:41.827166Z  INFO scan_sources: tailwindcss_oxide::scanner: Discovering "/home/z/my-project/nilov-catering/app/menu/coffee-break/layout.tsx"
2026-08-13T01:23:41.827176Z  INFO scan_sources: tailwindcss_oxide::scanner: Discovering "/home/z/my-project/nilov-catering/app/menu/coffee-break/page.tsx"
2026-08-13T01:23:41.827193Z  INFO scan_sources: tailwindcss_oxide::scanner: Discovering "/home/z/my-project/nilov-catering/app/menu/show-cooking"
2026-08-13T01:23:41.827211Z  INFO scan_sources: tailwindcss_oxide::scanner: Discovering "/home/z/my-project/nilov-catering/app/menu/show-cooking/page.tsx"
2026-08-13T01:23:41.827222Z  INFO scan_sources: tailwindcss_oxide::scanner: Discovering "/home/z/my-project/nilov-catering/app/menu/page.tsx"
2026-08-13T01:23:41.827238Z  INFO scan_sources: tailwindcss_oxide::scanner: Discovering "/home/z/my-project/nilov-catering/app/menu/[format]"
2026-08-13T01:23:41.827261Z  INFO scan_sources: tailwindcss_oxide::scanner: Discovering "/home/z/my-project/nilov-catering/app/menu/[format]/pdf"
2026-08-13T01:23:41.827284Z  INFO scan_sources: tailwindcss_oxide::scanner: Discovering "/home/z/my-project/nilov-catering/app/menu/[format]/pdf/route.ts"
2026-08-13T01:23:41.827302Z  INFO scan_sources: tailwindcss_oxide::scanner: Discovering "/home/z/my-project/nilov-catering/app/menu/banquet"
2026-08-13T01:23:41.827322Z  INFO scan_sources: tailwindcss_oxide::scanner: Discovering "/home/z/my-project/nilov-catering/app/menu/banquet/layout.tsx"
2026-08-13T01:23:41.827331Z  INFO scan_sources: tailwindcss_oxide::scanner: Discovering "/home/z/my-project/nilov-catering/app/menu/banquet/page.tsx"
2026-08-13T01:23:41.827344Z  INFO scan_sources: tailwindcss_oxide::scanner: Discovering "/home/z/my-project/nilov-catering/app/page.tsx"
2026-08-13T01:23:41.827359Z  INFO scan_sources: tailwindcss_oxide::scanner: Discovering "/home/z/my-project/nilov-catering/app/subscribe"
2026-08-13T01:23:41.827379Z  INFO scan_sources: tailwindcss_oxide::scanner: Discovering "/home/z/my-project/nilov-catering/app/subscribe/page.tsx"
2026-08-13T01:23:41.827391Z  INFO scan_sources: tailwindcss_oxide::scanner: Discovering "/home/z/my-project/nilov-catering/app/not-found.tsx"
2026-08-13T01:23:41.827406Z  INFO scan_sources: tailwindcss_oxide::scanner: Discovering "/home/z/my-project/nilov-catering/app/venues"
2026-08-13T01:23:41.827424Z  INFO scan_sources: tailwindcss_oxide::scanner: Discovering "/home/z/my-project/nilov-catering/app/venues/page.tsx"
2026-08-13T01:23:41.827437Z  INFO scan_sources: tailwindcss_oxide::scanner: Discovering "/home/z/my-project/nilov-catering/app/careers"
2026-08-13T01:23:41.827455Z  INFO scan_sources: tailwindcss_oxide::scanner: Discovering "/home/z/my-project/nilov-catering/app/careers/page.tsx"
2026-08-13T01:23:41.827472Z  INFO scan_sources: tailwindcss_oxide::scanner: Discovering "/home/z/my-project/nilov-catering/app/team"
2026-08-13T01:23:41.827490Z  INFO scan_sources: tailwindcss_oxide::scanner: Discovering "/home/z/my-project/nilov-catering/app/team/page.tsx"
2026-08-13T01:23:41.827499Z  INFO scan_sources: tailwindcss_oxide::scanner: Discovering "/home/z/my-project/nilov-catering/app/opengraph-image.tsx"
2026-08-13T01:23:41.827511Z  INFO scan_sources: tailwindcss_oxide::scanner: Discovering "/home/z/my-project/nilov-catering/app/why-us"
2026-08-13T01:23:41.827536Z  INFO scan_sources: tailwindcss_oxide::scanner: Discovering "/home/z/my-project/nilov-catering/app/why-us/page.tsx"
2026-08-13T01:23:41.827546Z  INFO scan_sources: tailwindcss_oxide::scanner: Discovering "/home/z/my-project/nilov-catering/app/why-us/WhyUsContent.tsx"
2026-08-13T01:23:41.827560Z  INFO scan_sources: tailwindcss_oxide::scanner: Discovering "/home/z/my-project/nilov-catering/app/account"
2026-08-13T01:23:41.827589Z  INFO scan_sources: tailwindcss_oxide::scanner: Discovering "/home/z/my-project/nilov-catering/app/account/orders"
2026-08-13T01:23:41.827611Z  INFO scan_sources: tailwindcss_oxide::scanner: Discovering "/home/z/my-project/nilov-catering/app/account/orders/page.tsx"
2026-08-13T01:23:41.827625Z  INFO scan_sources: tailwindcss_oxide::scanner: Discovering "/home/z/my-project/nilov-catering/app/privacy"
2026-08-13T01:23:41.827646Z  INFO scan_sources: tailwindcss_oxide::scanner: Discovering "/home/z/my-project/nilov-catering/app/privacy/page.tsx"
2026-08-13T01:23:41.827659Z  INFO scan_sources: tailwindcss_oxide::scanner: Discovering "/home/z/my-project/nilov-catering/app/delivery"
2026-08-13T01:23:41.827678Z  INFO scan_sources: tailwindcss_oxide::scanner: Discovering "/home/z/my-project/nilov-catering/app/delivery/page.tsx"
2026-08-13T01:23:41.827692Z  INFO scan_sources: tailwindcss_oxide::scanner: Discovering "/home/z/my-project/nilov-catering/app/delivery/order"
2026-08-13T01:23:41.827712Z  INFO scan_sources: tailwindcss_oxide::scanner: Discovering "/home/z/my-project/nilov-catering/app/delivery/order/layout.tsx"
2026-08-13T01:23:41.827721Z  INFO scan_sources: tailwindcss_oxide::scanner: Discovering "/home/z/my-project/nilov-catering/app/delivery/order/page.tsx"
2026-08-13T01:23:41.827736Z  INFO scan_sources: tailwindcss_oxide::scanner: Discovering "/home/z/my-project/nilov-catering/app/en"
2026-08-13T01:23:41.827758Z  INFO scan_sources: tailwindcss_oxide::scanner: Discovering "/home/z/my-project/nilov-catering/app/en/layout.tsx"
2026-08-13T01:23:41.827768Z  INFO scan_sources: tailwindcss_oxide::scanner: Discovering "/home/z/my-project/nilov-catering/app/en/page.tsx"
2026-08-13T01:23:41.827776Z  INFO scan_sources: tailwindcss_oxide::scanner: Discovering "/home/z/my-project/nilov-catering/app/en/EnLangFix.tsx"
2026-08-13T01:23:41.827787Z  INFO scan_sources: tailwindcss_oxide::scanner: Discovering "/home/z/my-project/nilov-catering/app/globals.css"
2026-08-13T01:23:41.827803Z  INFO scan_sources: tailwindcss_oxide::scanner: Discovering "/home/z/my-project/nilov-catering/app/partners"
2026-08-13T01:23:41.827832Z  INFO scan_sources: tailwindcss_oxide::scanner: Discovering "/home/z/my-project/nilov-catering/app/partners/page.tsx"
2026-08-13T01:23:41.827845Z  INFO scan_sources: tailwindcss_oxide::scanner: Discovering "/home/z/my-project/nilov-catering/app/accessibility"
2026-08-13T01:23:41.827867Z  INFO scan_sources: tailwindcss_oxide::scanner: Discovering "/home/z/my-project/nilov-catering/app/accessibility/page.tsx"
2026-08-13T01:23:41.827880Z  INFO scan_sources: tailwindcss_oxide::scanner: Discovering "/home/z/my-project/nilov-catering/app/contact"
2026-08-13T01:23:41.827898Z  INFO scan_sources: tailwindcss_oxide::scanner: Discovering "/home/z/my-project/nilov-catering/app/contact/layout.tsx"
2026-08-13T01:23:41.827911Z  INFO scan_sources: tailwindcss_oxide::scanner: Discovering "/home/z/my-project/nilov-catering/app/contact/page.tsx"
2026-08-13T01:23:41.827921Z  INFO scan_sources: tailwindcss_oxide::scanner: Discovering "/home/z/my-project/nilov-catering/app/JsonLd.tsx"
2026-08-13T01:23:41.827933Z  INFO scan_sources: tailwindcss_oxide::scanner: Discovering "/home/z/my-project/nilov-catering/app/faq"
2026-08-13T01:23:41.827952Z  INFO scan_sources: tailwindcss_oxide::scanner: Discovering "/home/z/my-project/nilov-catering/app/faq/page.tsx"
2026-08-13T01:23:41.827969Z  INFO scan_sources: tailwindcss_oxide::scanner: Discovering "/home/z/my-project/nilov-catering/app/terms"
2026-08-13T01:23:41.827998Z  INFO scan_sources: tailwindcss_oxide::scanner: Discovering "/home/z/my-project/nilov-catering/app/terms/page.tsx"
2026-08-13T01:23:41.828016Z  INFO scan_sources: tailwindcss_oxide::scanner: Discovering "/home/z/my-project/nilov-catering/app/tasting"
2026-08-13T01:23:41.828039Z  INFO scan_sources: tailwindcss_oxide::scanner: Discovering "/home/z/my-project/nilov-catering/app/tasting/page.tsx"
2026-08-13T01:23:41.828051Z  INFO scan_sources: tailwindcss_oxide::scanner: Discovering "/home/z/my-project/nilov-catering/app/events"
2026-08-13T01:23:41.828082Z  INFO scan_sources: tailwindcss_oxide::scanner: Discovering "/home/z/my-project/nilov-catering/app/events/detskoe"
2026-08-13T01:23:41.828103Z  INFO scan_sources: tailwindcss_oxide::scanner: Discovering "/home/z/my-project/nilov-catering/app/events/detskoe/page.tsx"
2026-08-13T01:23:41.828117Z  INFO scan_sources: tailwindcss_oxide::scanner: Discovering "/home/z/my-project/nilov-catering/app/events/chef-at-home"
2026-08-13T01:23:41.828140Z  INFO scan_sources: tailwindcss_oxide::scanner: Discovering "/home/z/my-project/nilov-catering/app/events/chef-at-home/page.tsx"
2026-08-13T01:23:41.828153Z  INFO scan_sources: tailwindcss_oxide::scanner: Discovering "/home/z/my-project/nilov-catering/app/events/svadba"
2026-08-13T01:23:41.828173Z  INFO scan_sources: tailwindcss_oxide::scanner: Discovering "/home/z/my-project/nilov-catering/app/events/svadba/page.tsx"
2026-08-13T01:23:41.828187Z  INFO scan_sources: tailwindcss_oxide::scanner: Discovering "/home/z/my-project/nilov-catering/app/events/recap"
2026-08-13T01:23:41.828208Z  INFO scan_sources: tailwindcss_oxide::scanner: Discovering "/home/z/my-project/nilov-catering/app/events/recap/page.tsx"
2026-08-13T01:23:41.828219Z  INFO scan_sources: tailwindcss_oxide::scanner: Discovering "/home/z/my-project/nilov-catering/app/events/layout.tsx"
2026-08-13T01:23:41.828230Z  INFO scan_sources: tailwindcss_oxide::scanner: Discovering "/home/z/my-project/nilov-catering/app/events/korporativ"
2026-08-13T01:23:41.828252Z  INFO scan_sources: tailwindcss_oxide::scanner: Discovering "/home/z/my-project/nilov-catering/app/events/korporativ/page.tsx"
2026-08-13T01:23:41.828264Z  INFO scan_sources: tailwindcss_oxide::scanner: Discovering "/home/z/my-project/nilov-catering/app/events/pominki"
2026-08-13T01:23:41.828283Z  INFO scan_sources: tailwindcss_oxide::scanner: Discovering "/home/z/my-project/nilov-catering/app/events/pominki/page.tsx"
2026-08-13T01:23:41.828294Z  INFO scan_sources: tailwindcss_oxide::scanner: Discovering "/home/z/my-project/nilov-catering/app/events/page.tsx"
2026-08-13T01:23:41.828308Z  INFO scan_sources: tailwindcss_oxide::scanner: Discovering "/home/z/my-project/nilov-catering/app/events/vypusknoy"
2026-08-13T01:23:41.828327Z  INFO scan_sources: tailwindcss_oxide::scanner: Discovering "/home/z/my-project/nilov-catering/app/events/vypusknoy/page.tsx"
2026-08-13T01:23:41.828342Z  INFO scan_sources: tailwindcss_oxide::scanner: Discovering "/home/z/my-project/nilov-catering/app/events/yubiley"
2026-08-13T01:23:41.828364Z  INFO scan_sources: tailwindcss_oxide::scanner: Discovering "/home/z/my-project/nilov-catering/app/events/yubiley/page.tsx"
2026-08-13T01:23:41.828382Z  INFO scan_sources: tailwindcss_oxide::scanner: Discovering "/home/z/my-project/nilov-catering/app/events/chastnoe"
2026-08-13T01:23:41.828401Z  INFO scan_sources: tailwindcss_oxide::scanner: Discovering "/home/z/my-project/nilov-catering/app/events/chastnoe/page.tsx"
2026-08-13T01:23:41.828416Z  INFO scan_sources: tailwindcss_oxide::scanner: Discovering "/home/z/my-project/nilov-catering/app/events/nikah"
2026-08-13T01:23:41.828434Z  INFO scan_sources: tailwindcss_oxide::scanner: Discovering "/home/z/my-project/nilov-catering/app/events/nikah/page.tsx"
2026-08-13T01:23:41.828455Z  INFO scan_sources: tailwindcss_oxide::scanner: Discovering "/home/z/my-project/nilov-catering/postcss.config.mjs"
2026-08-13T01:23:41.828464Z  INFO scan_sources: tailwindcss_oxide::scanner: Discovering "/home/z/my-project/nilov-catering/NILOV_UNIFIED_MENU.md"
2026-08-13T01:23:41.828482Z  INFO scan_sources: tailwindcss_oxide::scanner: Discovering "/home/z/my-project/nilov-catering/data"
2026-08-13T01:23:41.828513Z  INFO scan_sources: tailwindcss_oxide::scanner: Discovering "/home/z/my-project/nilov-catering/data/pricing.json"
2026-08-13T01:23:41.828527Z  INFO scan_sources: tailwindcss_oxide::scanner: Discovering "/home/z/my-project/nilov-catering/data/reviews.json"
2026-08-13T01:23:41.828537Z  INFO scan_sources: tailwindcss_oxide::scanner: Discovering "/home/z/my-project/nilov-catering/data/dishes.json"
2026-08-13T01:23:41.828547Z  INFO scan_sources: tailwindcss_oxide::scanner: Discovering "/home/z/my-project/nilov-catering/data/content.json"
2026-08-13T01:23:41.828557Z  INFO scan_sources: tailwindcss_oxide::scanner: Discovering "/home/z/my-project/nilov-catering/data/videos.json"
2026-08-13T01:23:41.828567Z  INFO scan_sources: tailwindcss_oxide::scanner: Discovering "/home/z/my-project/nilov-catering/data/page-texts.json"
2026-08-13T01:23:41.828587Z  INFO scan_sources: tailwindcss_oxide::scanner: Discovering "/home/z/my-project/nilov-catering/data/catalog.json"
2026-08-13T01:23:41.828599Z  INFO scan_sources: tailwindcss_oxide::scanner: Discovering "/home/z/my-project/nilov-catering/data/addons.json"
2026-08-13T01:23:41.828609Z  INFO scan_sources: tailwindcss_oxide::scanner: Discovering "/home/z/my-project/nilov-catering/data/trust-proof.json"
2026-08-13T01:23:41.828669Z  INFO scan_sources: tailwindcss_oxide::scanner: Discovering "/home/z/my-project/nilov-catering/PROJECT_PROTECTION.md"
2026-08-13T01:23:41.828683Z  INFO scan_sources: tailwindcss_oxide::scanner: Discovering "/home/z/my-project/nilov-catering/.github"
2026-08-13T01:23:41.828709Z  INFO scan_sources: tailwindcss_oxide::scanner: Discovering "/home/z/my-project/nilov-catering/.github/workflows"
2026-08-13T01:23:41.828730Z  INFO scan_sources: tailwindcss_oxide::scanner: Discovering "/home/z/my-project/nilov-catering/.github/workflows/external-critics.yml"
2026-08-13T01:23:41.828740Z  INFO scan_sources: tailwindcss_oxide::scanner: Discovering "/home/z/my-project/nilov-catering/.github/workflows/vercel-deploy.yml"
2026-08-13T01:23:41.828752Z  INFO scan_sources: tailwindcss_oxide::scanner: Discovering "/home/z/my-project/nilov-catering/.github/workflows/block-force-push.yml"
2026-08-13T01:23:41.828762Z  INFO scan_sources: tailwindcss_oxide::scanner: Discovering "/home/z/my-project/nilov-catering/.github/workflows/fact-gate.yml"
2026-08-13T01:23:41.828777Z  INFO scan_sources: tailwindcss_oxide::scanner: Discovering "/home/z/my-project/nilov-catering/snapshots-v4"
2026-08-13T01:23:41.828818Z  INFO scan_sources: tailwindcss_oxide::scanner: Discovering "/home/z/my-project/nilov-catering/components"
2026-08-13T01:23:41.828840Z  INFO scan_sources: tailwindcss_oxide::scanner: Discovering "/home/z/my-project/nilov-catering/components/blocks"
2026-08-13T01:23:41.828870Z  INFO scan_sources: tailwindcss_oxide::scanner: Discovering "/home/z/my-project/nilov-catering/components/blocks/FAQTeaser.tsx"
2026-08-13T01:23:41.828880Z  INFO scan_sources: tailwindcss_oxide::scanner: Discovering "/home/z/my-project/nilov-catering/components/blocks/TrustBlock.tsx"
2026-08-13T01:23:41.828889Z  INFO scan_sources: tailwindcss_oxide::scanner: Discovering "/home/z/my-project/nilov-catering/components/blocks/InspireStrip.tsx"
2026-08-13T01:23:41.828899Z  INFO scan_sources: tailwindcss_oxide::scanner: Discovering "/home/z/my-project/nilov-catering/components/blocks/WowCase.tsx"
2026-08-13T01:23:41.828908Z  INFO scan_sources: tailwindcss_oxide::scanner: Discovering "/home/z/my-project/nilov-catering/components/blocks/WhyUs.tsx"
2026-08-13T01:23:41.828922Z  INFO scan_sources: tailwindcss_oxide::scanner: Discovering "/home/z/my-project/nilov-catering/components/blocks/GalleryTeaser.tsx"
2026-08-13T01:23:41.828931Z  INFO scan_sources: tailwindcss_oxide::scanner: Discovering "/home/z/my-project/nilov-catering/components/blocks/MenuCTABlock.tsx"
2026-08-13T01:23:41.828940Z  INFO scan_sources: tailwindcss_oxide::scanner: Discovering "/home/z/my-project/nilov-catering/components/blocks/HeroExtras.tsx"
2026-08-13T01:23:41.828949Z  INFO scan_sources: tailwindcss_oxide::scanner: Discovering "/home/z/my-project/nilov-catering/components/blocks/B2BSection.tsx"
2026-08-13T01:23:41.828961Z  INFO scan_sources: tailwindcss_oxide::scanner: Discovering "/home/z/my-project/nilov-catering/components/blocks/FormatShowcase.tsx"
2026-08-13T01:23:41.828971Z  INFO scan_sources: tailwindcss_oxide::scanner: Discovering "/home/z/my-project/nilov-catering/components/blocks/MenuPreview.tsx"
2026-08-13T01:23:41.828995Z  INFO scan_sources: tailwindcss_oxide::scanner: Discovering "/home/z/my-project/nilov-catering/components/blocks/PortfolioGallery.tsx"
2026-08-13T01:23:41.829006Z  INFO scan_sources: tailwindcss_oxide::scanner: Discovering "/home/z/my-project/nilov-catering/components/blocks/InlinePriceCalculator.tsx"
2026-08-13T01:23:41.829015Z  INFO scan_sources: tailwindcss_oxide::scanner: Discovering "/home/z/my-project/nilov-catering/components/blocks/EventsRecapHome.tsx"
2026-08-13T01:23:41.829024Z  INFO scan_sources: tailwindcss_oxide::scanner: Discovering "/home/z/my-project/nilov-catering/components/blocks/HeroBlock.tsx"
2026-08-13T01:23:41.829037Z  INFO scan_sources: tailwindcss_oxide::scanner: Discovering "/home/z/my-project/nilov-catering/components/blocks/TestimonialsCarousel.tsx"
2026-08-13T01:23:41.829047Z  INFO scan_sources: tailwindcss_oxide::scanner: Discovering "/home/z/my-project/nilov-catering/components/blocks/TariffOffersSection.tsx"
2026-08-13T01:23:41.829056Z  INFO scan_sources: tailwindcss_oxide::scanner: Discovering "/home/z/my-project/nilov-catering/components/blocks/TrustProof.tsx"
2026-08-13T01:23:41.829064Z  INFO scan_sources: tailwindcss_oxide::scanner: Discovering "/home/z/my-project/nilov-catering/components/blocks/DeliveryBanner.tsx"
2026-08-13T01:23:41.829073Z  INFO scan_sources: tailwindcss_oxide::scanner: Discovering "/home/z/my-project/nilov-catering/components/blocks/LiveSocialFeed.tsx"
2026-08-13T01:23:41.829082Z  INFO scan_sources: tailwindcss_oxide::scanner: Discovering "/home/z/my-project/nilov-catering/components/blocks/NewsletterBlock.tsx"
2026-08-13T01:23:41.829093Z  INFO scan_sources: tailwindcss_oxide::scanner: Discovering "/home/z/my-project/nilov-catering/components/blocks/MenuTariffs.tsx"
2026-08-13T01:23:41.829103Z  INFO scan_sources: tailwindcss_oxide::scanner: Discovering "/home/z/my-project/nilov-catering/components/blocks/DeliveryZonesMap.tsx"
2026-08-13T01:23:41.829112Z  INFO scan_sources: tailwindcss_oxide::scanner: Discovering "/home/z/my-project/nilov-catering/components/blocks/TrustMarquee.tsx"
2026-08-13T01:23:41.829121Z  INFO scan_sources: tailwindcss_oxide::scanner: Discovering "/home/z/my-project/nilov-catering/components/blocks/TrustBar.tsx"
2026-08-13T01:23:41.829130Z  INFO scan_sources: tailwindcss_oxide::scanner: Discovering "/home/z/my-project/nilov-catering/components/blocks/ProcessSteps.tsx"
2026-08-13T01:23:41.829138Z  INFO scan_sources: tailwindcss_oxide::scanner: Discovering "/home/z/my-project/nilov-catering/components/blocks/NamedPackageGrid.tsx"
2026-08-13T01:23:41.829151Z  INFO scan_sources: tailwindcss_oxide::scanner: Discovering "/home/z/my-project/nilov-catering/components/blocks/HelperLeadForm.tsx"
2026-08-13T01:23:41.829160Z  INFO scan_sources: tailwindcss_oxide::scanner: Discovering "/home/z/my-project/nilov-catering/components/blocks/EventTypeSelector.tsx"
2026-08-13T01:23:41.829168Z  INFO scan_sources: tailwindcss_oxide::scanner: Discovering "/home/z/my-project/nilov-catering/components/blocks/SeasonalPackages.tsx"
2026-08-13T01:23:41.829178Z  INFO scan_sources: tailwindcss_oxide::scanner: Discovering "/home/z/my-project/nilov-catering/components/blocks/ChefStory.tsx"
2026-08-13T01:23:41.829187Z  INFO scan_sources: tailwindcss_oxide::scanner: Discovering "/home/z/my-project/nilov-catering/components/blocks/HomeVideoShowcase.tsx"
2026-08-13T01:23:41.829196Z  INFO scan_sources: tailwindcss_oxide::scanner: Discovering "/home/z/my-project/nilov-catering/components/blocks/CTASection.tsx"
2026-08-13T01:23:41.829208Z  INFO scan_sources: tailwindcss_oxide::scanner: Discovering "/home/z/my-project/nilov-catering/components/blocks/PrebuiltMenuCards.tsx"
2026-08-13T01:23:41.829226Z  INFO scan_sources: tailwindcss_oxide::scanner: Discovering "/home/z/my-project/nilov-catering/components/CatalogClient.tsx"
2026-08-13T01:23:41.829237Z  INFO scan_sources: tailwindcss_oxide::scanner: Discovering "/home/z/my-project/nilov-catering/components/effects"
2026-08-13T01:23:41.829262Z  INFO scan_sources: tailwindcss_oxide::scanner: Discovering "/home/z/my-project/nilov-catering/components/effects/TextSizeToggle.tsx"
2026-08-13T01:23:41.829272Z  INFO scan_sources: tailwindcss_oxide::scanner: Discovering "/home/z/my-project/nilov-catering/components/effects/MagneticButton.tsx"
2026-08-13T01:23:41.829281Z  INFO scan_sources: tailwindcss_oxide::scanner: Discovering "/home/z/my-project/nilov-catering/components/effects/AnimatedCounter.tsx"
2026-08-13T01:23:41.829290Z  INFO scan_sources: tailwindcss_oxide::scanner: Discovering "/home/z/my-project/nilov-catering/components/effects/ParallaxSection.tsx"
2026-08-13T01:23:41.829300Z  INFO scan_sources: tailwindcss_oxide::scanner: Discovering "/home/z/my-project/nilov-catering/components/effects/MorphingText.tsx"
2026-08-13T01:23:41.829309Z  INFO scan_sources: tailwindcss_oxide::scanner: Discovering "/home/z/my-project/nilov-catering/components/effects/TextReveal.tsx"
2026-08-13T01:23:41.829321Z  INFO scan_sources: tailwindcss_oxide::scanner: Discovering "/home/z/my-project/nilov-catering/components/effects/MotionPrimitives.tsx"
2026-08-13T01:23:41.829330Z  INFO scan_sources: tailwindcss_oxide::scanner: Discovering "/home/z/my-project/nilov-catering/components/effects/PhotoAliveCard.tsx"
2026-08-13T01:23:41.829339Z  INFO scan_sources: tailwindcss_oxide::scanner: Discovering "/home/z/my-project/nilov-catering/components/effects/ScrollReveal.tsx"
2026-08-13T01:23:41.829348Z  INFO scan_sources: tailwindcss_oxide::scanner: Discovering "/home/z/my-project/nilov-catering/components/effects/RevealHeading.tsx"
2026-08-13T01:23:41.829357Z  INFO scan_sources: tailwindcss_oxide::scanner: Discovering "/home/z/my-project/nilov-catering/components/effects/TiltCard.tsx"
2026-08-13T01:23:41.829365Z  INFO scan_sources: tailwindcss_oxide::scanner: Discovering "/home/z/my-project/nilov-catering/components/effects/PageTransition.tsx"
2026-08-13T01:23:41.829378Z  INFO scan_sources: tailwindcss_oxide::scanner: Discovering "/home/z/my-project/nilov-catering/components/effects/CustomCursor.tsx"
2026-08-13T01:23:41.829387Z  INFO scan_sources: tailwindcss_oxide::scanner: Discovering "/home/z/my-project/nilov-catering/components/effects/StickyCTA.tsx"
2026-08-13T01:23:41.829396Z  INFO scan_sources: tailwindcss_oxide::scanner: Discovering "/home/z/my-project/nilov-catering/components/effects/SmoothScrollProvider.tsx"
2026-08-13T01:23:41.829409Z  INFO scan_sources: tailwindcss_oxide::scanner: Discovering "/home/z/my-project/nilov-catering/components/interactive"
2026-08-13T01:23:41.829434Z  INFO scan_sources: tailwindcss_oxide::scanner: Discovering "/home/z/my-project/nilov-catering/components/interactive/DishCartIndicator.tsx"
2026-08-13T01:23:41.829445Z  INFO scan_sources: tailwindcss_oxide::scanner: Discovering "/home/z/my-project/nilov-catering/components/interactive/Calculator.tsx"
2026-08-13T01:23:41.829455Z  INFO scan_sources: tailwindcss_oxide::scanner: Discovering "/home/z/my-project/nilov-catering/components/interactive/BudgetCalculator.tsx"
2026-08-13T01:23:41.829464Z  INFO scan_sources: tailwindcss_oxide::scanner: Discovering "/home/z/my-project/nilov-catering/components/interactive/CartRail.tsx"
2026-08-13T01:23:41.829474Z  INFO scan_sources: tailwindcss_oxide::scanner: Discovering "/home/z/my-project/nilov-catering/components/interactive/PersistentCartRail.tsx"
2026-08-13T01:23:41.829486Z  INFO scan_sources: tailwindcss_oxide::scanner: Discovering "/home/z/my-project/nilov-catering/components/interactive/MenuBuilder.tsx"
2026-08-13T01:23:41.829494Z  INFO scan_sources: tailwindcss_oxide::scanner: Discovering "/home/z/my-project/nilov-catering/components/interactive/ConstructorWizard.tsx"
2026-08-13T01:23:41.829504Z  INFO scan_sources: tailwindcss_oxide::scanner: Discovering "/home/z/my-project/nilov-catering/components/interactive/AvailabilityCalendar.tsx"
2026-08-13T01:23:41.829518Z  INFO scan_sources: tailwindcss_oxide::scanner: Discovering "/home/z/my-project/nilov-catering/components/common"
2026-08-13T01:23:41.829542Z  INFO scan_sources: tailwindcss_oxide::scanner: Discovering "/home/z/my-project/nilov-catering/components/common/Breadcrumbs.tsx"
2026-08-13T01:23:41.829551Z  INFO scan_sources: tailwindcss_oxide::scanner: Discovering "/home/z/my-project/nilov-catering/components/common/PageHeader.tsx"
2026-08-13T01:23:41.829560Z  INFO scan_sources: tailwindcss_oxide::scanner: Discovering "/home/z/my-project/nilov-catering/components/common/ShareButton.tsx"
2026-08-13T01:23:41.829569Z  INFO scan_sources: tailwindcss_oxide::scanner: Discovering "/home/z/my-project/nilov-catering/components/common/Lightbox.tsx"
2026-08-13T01:23:41.829583Z  INFO scan_sources: tailwindcss_oxide::scanner: Discovering "/home/z/my-project/nilov-catering/components/common/TenderHub.tsx"
2026-08-13T01:23:41.829597Z  INFO scan_sources: tailwindcss_oxide::scanner: Discovering "/home/z/my-project/nilov-catering/components/common/ScrollProgress.tsx"
2026-08-13T01:23:41.829606Z  INFO scan_sources: tailwindcss_oxide::scanner: Discovering "/home/z/my-project/nilov-catering/components/common/PrintButton.tsx"
2026-08-13T01:23:41.829615Z  INFO scan_sources: tailwindcss_oxide::scanner: Discovering "/home/z/my-project/nilov-catering/components/common/AllergenChips.tsx"
2026-08-13T01:23:41.829624Z  INFO scan_sources: tailwindcss_oxide::scanner: Discovering "/home/z/my-project/nilov-catering/components/common/B2BBanner.tsx"
2026-08-13T01:23:41.829632Z  INFO scan_sources: tailwindcss_oxide::scanner: Discovering "/home/z/my-project/nilov-catering/components/common/FoodPhoto.tsx"
2026-08-13T01:23:41.829641Z  INFO scan_sources: tailwindcss_oxide::scanner: Discovering "/home/z/my-project/nilov-catering/components/common/B2BPortalSection.tsx"
2026-08-13T01:23:41.829658Z  INFO scan_sources: tailwindcss_oxide::scanner: Discovering "/home/z/my-project/nilov-catering/components/facts"
2026-08-13T01:23:41.829676Z  INFO scan_sources: tailwindcss_oxide::scanner: Discovering "/home/z/my-project/nilov-catering/components/facts/FactItem.tsx"
2026-08-13T01:23:41.829688Z  INFO scan_sources: tailwindcss_oxide::scanner: Discovering "/home/z/my-project/nilov-catering/components/layout"
2026-08-13T01:23:41.829712Z  INFO scan_sources: tailwindcss_oxide::scanner: Discovering "/home/z/my-project/nilov-catering/components/layout/MegaMenu.tsx"
2026-08-13T01:23:41.829721Z  INFO scan_sources: tailwindcss_oxide::scanner: Discovering "/home/z/my-project/nilov-catering/components/layout/Analytics.tsx"
2026-08-13T01:23:41.829730Z  INFO scan_sources: tailwindcss_oxide::scanner: Discovering "/home/z/my-project/nilov-catering/components/layout/AnnouncementBar.tsx"
2026-08-13T01:23:41.829738Z  INFO scan_sources: tailwindcss_oxide::scanner: Discovering "/home/z/my-project/nilov-catering/components/layout/MobileBottomNav.tsx"
2026-08-13T01:23:41.829746Z  INFO scan_sources: tailwindcss_oxide::scanner: Discovering "/home/z/my-project/nilov-catering/components/layout/CookieBanner.tsx"
2026-08-13T01:23:41.829753Z  INFO scan_sources: tailwindcss_oxide::scanner: Discovering "/home/z/my-project/nilov-catering/components/layout/StickyMobileCTA.tsx"
2026-08-13T01:23:41.829793Z  INFO scan_sources: tailwindcss_oxide::scanner: Discovering "/home/z/my-project/nilov-catering/components/layout/ClientLayout.tsx"
2026-08-13T01:23:41.829802Z  INFO scan_sources: tailwindcss_oxide::scanner: Discovering "/home/z/my-project/nilov-catering/components/layout/CartBadge.tsx"
2026-08-13T01:23:41.829810Z  INFO scan_sources: tailwindcss_oxide::scanner: Discovering "/home/z/my-project/nilov-catering/components/layout/PricingWrapper.tsx"
2026-08-13T01:23:41.829821Z  INFO scan_sources: tailwindcss_oxide::scanner: Discovering "/home/z/my-project/nilov-catering/components/layout/MobileMenu.tsx"
2026-08-13T01:23:41.829829Z  INFO scan_sources: tailwindcss_oxide::scanner: Discovering "/home/z/my-project/nilov-catering/components/layout/Header.tsx"
2026-08-13T01:23:41.829841Z  INFO scan_sources: tailwindcss_oxide::scanner: Discovering "/home/z/my-project/nilov-catering/components/layout/Footer.tsx"
2026-08-13T01:23:41.829849Z  INFO scan_sources: tailwindcss_oxide::scanner: Discovering "/home/z/my-project/nilov-catering/components/layout/LiveChatWidget.tsx"
2026-08-13T01:23:41.829876Z  INFO scan_sources: tailwindcss_oxide::scanner: Discovering "/home/z/my-project/nilov-catering/tsconfig.json"
2026-08-13T01:23:41.829889Z  INFO scan_sources: tailwindcss_oxide::scanner: Discovering "/home/z/my-project/nilov-catering/snapshots-v7"
2026-08-13T01:23:41.829932Z  INFO scan_sources: tailwindcss_oxide::scanner: Discovering "/home/z/my-project/nilov-catering/CLAUDE.md"
2026-08-13T01:23:41.829942Z  INFO scan_sources: tailwindcss_oxide::scanner: Discovering "/home/z/my-project/nilov-catering/tsconfig.tsbuildinfo"
2026-08-13T01:23:41.829951Z  INFO scan_sources: tailwindcss_oxide::scanner: Discovering "/home/z/my-project/nilov-catering/middleware.ts"
2026-08-13T01:23:41.830004Z  INFO scan_sources: tailwindcss_oxide::scanner: Discovering "/home/z/my-project/nilov-catering/research"
2026-08-13T01:23:41.830028Z  INFO scan_sources: tailwindcss_oxide::scanner: Discovering "/home/z/my-project/nilov-catering/research/PRODUCT_BLUEPRINT_V3 (2).md"
2026-08-13T01:23:41.830038Z  INFO scan_sources: tailwindcss_oxide::scanner: Discovering "/home/z/my-project/nilov-catering/research/CATERING_WEBSITE_RESEARCH_V3.md"
2026-08-13T01:23:41.830056Z  INFO scan_sources: tailwindcss_oxide::scanner: Discovering "/home/z/my-project/nilov-catering/research/checkpoints"
2026-08-13T01:23:41.830093Z  INFO scan_sources: tailwindcss_oxide::scanner: Discovering "/home/z/my-project/nilov-catering/research/checkpoints/interfood_main_clean.txt"
2026-08-13T01:23:41.830106Z  INFO scan_sources: tailwindcss_oxide::scanner: Discovering "/home/z/my-project/nilov-catering/research/checkpoints/interfood_menu_clean.txt"
2026-08-13T01:23:41.830121Z  INFO scan_sources: tailwindcss_oxide::scanner: Discovering "/home/z/my-project/nilov-catering/research/STRUCTURE"
2026-08-13T01:23:41.830215Z  INFO scan_sources: tailwindcss_oxide::scanner: Discovering "/home/z/my-project/nilov-catering/research/STRUCTURE/CRITIC_COMMISSION_20_B2B.md"
2026-08-13T01:23:41.830225Z  INFO scan_sources: tailwindcss_oxide::scanner: Discovering "/home/z/my-project/nilov-catering/research/STRUCTURE/CRITIC_W4_C2_MOTION.md"
2026-08-13T01:23:41.830235Z  INFO scan_sources: tailwindcss_oxide::scanner: Discovering "/home/z/my-project/nilov-catering/research/STRUCTURE/CRITIC_COMMISSION_11_VISUAL.md"
2026-08-13T01:23:41.830244Z  INFO scan_sources: tailwindcss_oxide::scanner: Discovering "/home/z/my-project/nilov-catering/research/STRUCTURE/ITER5_RECHECK_AI.md"
2026-08-13T01:23:41.830254Z  INFO scan_sources: tailwindcss_oxide::scanner: Discovering "/home/z/my-project/nilov-catering/research/STRUCTURE/CRITIC_COMMISSION_09_DECISION.md"
2026-08-13T01:23:41.830267Z  INFO scan_sources: tailwindcss_oxide::scanner: Discovering "/home/z/my-project/nilov-catering/research/STRUCTURE/ITER3_FIXES_W3.md"
2026-08-13T01:23:41.830276Z  INFO scan_sources: tailwindcss_oxide::scanner: Discovering "/home/z/my-project/nilov-catering/research/STRUCTURE/33_UXSIM_BORIS.md"
2026-08-13T01:23:41.830285Z  INFO scan_sources: tailwindcss_oxide::scanner: Discovering "/home/z/my-project/nilov-catering/research/STRUCTURE/ITER3_RECHECK_TRUST.md"
2026-08-13T01:23:41.830294Z  INFO scan_sources: tailwindcss_oxide::scanner: Discovering "/home/z/my-project/nilov-catering/research/STRUCTURE/00_PLAN.md"
2026-08-13T01:23:41.830304Z  INFO scan_sources: tailwindcss_oxide::scanner: Discovering "/home/z/my-project/nilov-catering/research/STRUCTURE/CRITIC_W7_C1_VISUAL.md"
2026-08-13T01:23:41.830313Z  INFO scan_sources: tailwindcss_oxide::scanner: Discovering "/home/z/my-project/nilov-catering/research/STRUCTURE/33_UXSIM_DIMA.md"
2026-08-13T01:23:41.830326Z  INFO scan_sources: tailwindcss_oxide::scanner: Discovering "/home/z/my-project/nilov-catering/research/STRUCTURE/ITER4_RECHECK_A11Y.md"
2026-08-13T01:23:41.830338Z  INFO scan_sources: tailwindcss_oxide::scanner: Discovering "/home/z/my-project/nilov-catering/research/STRUCTURE/33_UXSIM_PROFI.md"
2026-08-13T01:23:41.830347Z  INFO scan_sources: tailwindcss_oxide::scanner: Discovering "/home/z/my-project/nilov-catering/research/STRUCTURE/ITER4_FACTGATE.md"
2026-08-13T01:23:41.830356Z  INFO scan_sources: tailwindcss_oxide::scanner: Discovering "/home/z/my-project/nilov-catering/research/STRUCTURE/37_MOTIONCRITIC_C_INTERACTIVE.md"
2026-08-13T01:23:41.830366Z  INFO scan_sources: tailwindcss_oxide::scanner: Discovering "/home/z/my-project/nilov-catering/research/STRUCTURE/22_COHERENCE_REPORT.md"
2026-08-13T01:23:41.830375Z  INFO scan_sources: tailwindcss_oxide::scanner: Discovering "/home/z/my-project/nilov-catering/research/STRUCTURE/33_UXSIM_ANN.md"
2026-08-13T01:23:41.830389Z  INFO scan_sources: tailwindcss_oxide::scanner: Discovering "/home/z/my-project/nilov-catering/research/STRUCTURE/CRITIC_W4_C7_TECH.md"
2026-08-13T01:23:41.830400Z  INFO scan_sources: tailwindcss_oxide::scanner: Discovering "/home/z/my-project/nilov-catering/research/STRUCTURE/CRITIC_W4_C8_COHERENCE.md"
2026-08-13T01:23:41.830422Z  INFO scan_sources: tailwindcss_oxide::scanner: Discovering "/home/z/my-project/nilov-catering/research/STRUCTURE/ITER3_AI.md"
2026-08-13T01:23:41.830435Z  INFO scan_sources: tailwindcss_oxide::scanner: Discovering "/home/z/my-project/nilov-catering/research/STRUCTURE/ITER5_RECHECK_TRUST.md"
2026-08-13T01:23:41.830444Z  INFO scan_sources: tailwindcss_oxide::scanner: Discovering "/home/z/my-project/nilov-catering/research/STRUCTURE/33_UXSIM_NINA.md"
2026-08-13T01:23:41.830454Z  INFO scan_sources: tailwindcss_oxide::scanner: Discovering "/home/z/my-project/nilov-catering/research/STRUCTURE/CRITIC_COMMISSION_10_BRAND.md"
2026-08-13T01:23:41.830464Z  INFO scan_sources: tailwindcss_oxide::scanner: Discovering "/home/z/my-project/nilov-catering/research/STRUCTURE/CRITIC_COMMISSION_07_COPY.md"
2026-08-13T01:23:41.830475Z  INFO scan_sources: tailwindcss_oxide::scanner: Discovering "/home/z/my-project/nilov-catering/research/STRUCTURE/CRITIC_COMMISSION_16_PERFORMANCE.md"
2026-08-13T01:23:41.830484Z  INFO scan_sources: tailwindcss_oxide::scanner: Discovering "/home/z/my-project/nilov-catering/research/STRUCTURE/33_UXSIM_ALI.md"
2026-08-13T01:23:41.830495Z  INFO scan_sources: tailwindcss_oxide::scanner: Discovering "/home/z/my-project/nilov-catering/research/STRUCTURE/CRITIC_W4_C4_BLOCKS.md"
2026-08-13T01:23:41.830504Z  INFO scan_sources: tailwindcss_oxide::scanner: Discovering "/home/z/my-project/nilov-catering/research/STRUCTURE/36_DESIGNCRITIC_C_MOTION_MEDIA.md"
2026-08-13T01:23:41.830514Z  INFO scan_sources: tailwindcss_oxide::scanner: Discovering "/home/z/my-project/nilov-catering/research/STRUCTURE/CRITIC_W7_C9_GAPS.md"
2026-08-13T01:23:41.830523Z  INFO scan_sources: tailwindcss_oxide::scanner: Discovering "/home/z/my-project/nilov-catering/research/STRUCTURE/AI_GENERATION_PROMPTS.md"
2026-08-13T01:23:41.830532Z  INFO scan_sources: tailwindcss_oxide::scanner: Discovering "/home/z/my-project/nilov-catering/research/STRUCTURE/CRITIC_W8_C5_UX.md"
2026-08-13T01:23:41.830541Z  INFO scan_sources: tailwindcss_oxide::scanner: Discovering "/home/z/my-project/nilov-catering/research/STRUCTURE/04_BLOCKS.md"
2026-08-13T01:23:41.830554Z  INFO scan_sources: tailwindcss_oxide::scanner: Discovering "/home/z/my-project/nilov-catering/research/STRUCTURE/CRITIC_COMMISSION_13_FRONTEND.md"
2026-08-13T01:23:41.830563Z  INFO scan_sources: tailwindcss_oxide::scanner: Discovering "/home/z/my-project/nilov-catering/research/STRUCTURE/CRITIC_W5_C6_TRUST.md"
2026-08-13T01:23:41.830572Z  INFO scan_sources: tailwindcss_oxide::scanner: Discovering "/home/z/my-project/nilov-catering/research/STRUCTURE/GAPHUNTER_WAVE2A_FINAL.md"
2026-08-13T01:23:41.830586Z  INFO scan_sources: tailwindcss_oxide::scanner: Discovering "/home/z/my-project/nilov-catering/research/STRUCTURE/ITER6_RECHECK_A11Y.md"
2026-08-13T01:23:41.830603Z  INFO scan_sources: tailwindcss_oxide::scanner: Discovering "/home/z/my-project/nilov-catering/research/STRUCTURE/36_DESIGNCRITIC_B_BLOCKS.md"
2026-08-13T01:23:41.830612Z  INFO scan_sources: tailwindcss_oxide::scanner: Discovering "/home/z/my-project/nilov-catering/research/STRUCTURE/33_UXSIM_KAMILA.md"
2026-08-13T01:23:41.830620Z  INFO scan_sources: tailwindcss_oxide::scanner: Discovering "/home/z/my-project/nilov-catering/research/STRUCTURE/ITER4_FIX_40_02.md"
2026-08-13T01:23:41.830629Z  INFO scan_sources: tailwindcss_oxide::scanner: Discovering "/home/z/my-project/nilov-catering/research/STRUCTURE/ITER8_FIXES.md"
2026-08-13T01:23:41.830638Z  INFO scan_sources: tailwindcss_oxide::scanner: Discovering "/home/z/my-project/nilov-catering/research/STRUCTURE/CRITIC_W7_C4_BLOCKS.md"
2026-08-13T01:23:41.830647Z  INFO scan_sources: tailwindcss_oxide::scanner: Discovering "/home/z/my-project/nilov-catering/research/STRUCTURE/13_BENCHMARK_SYNTHESIS.md"
2026-08-13T01:23:41.830660Z  INFO scan_sources: tailwindcss_oxide::scanner: Discovering "/home/z/my-project/nilov-catering/research/STRUCTURE/33_UXSIM_ANNA.md"
2026-08-13T01:23:41.830669Z  INFO scan_sources: tailwindcss_oxide::scanner: Discovering "/home/z/my-project/nilov-catering/research/STRUCTURE/36_DESIGNCRITIC_A_FOUNDATION.md"
2026-08-13T01:23:41.830678Z  INFO scan_sources: tailwindcss_oxide::scanner: Discovering "/home/z/my-project/nilov-catering/research/STRUCTURE/43_NAV_SPEC.md"
2026-08-13T01:23:41.830686Z  INFO scan_sources: tailwindcss_oxide::scanner: Discovering "/home/z/my-project/nilov-catering/research/STRUCTURE/CRITIC_COMMISSION_05_MARKETING.md"
2026-08-13T01:23:41.830693Z  INFO scan_sources: tailwindcss_oxide::scanner: Discovering "/home/z/my-project/nilov-catering/research/STRUCTURE/33_UXSIM_ELENA.md"
2026-08-13T01:23:41.830702Z  INFO scan_sources: tailwindcss_oxide::scanner: Discovering "/home/z/my-project/nilov-catering/research/STRUCTURE/ITER5_RECHECK_BRAND.md"
2026-08-13T01:23:41.830709Z  INFO scan_sources: tailwindcss_oxide::scanner: Discovering "/home/z/my-project/nilov-catering/research/STRUCTURE/33_UXSIM_GRIGORY.md"
2026-08-13T01:23:41.830720Z  INFO scan_sources: tailwindcss_oxide::scanner: Discovering "/home/z/my-project/nilov-catering/research/STRUCTURE/CRITIC_COMMISSION_21_INDUSTRY.md"
2026-08-13T01:23:41.830730Z  INFO scan_sources: tailwindcss_oxide::scanner: Discovering "/home/z/my-project/nilov-catering/research/STRUCTURE/CRITIC_W4_C9_GAPS.md"
2026-08-13T01:23:41.830739Z  INFO scan_sources: tailwindcss_oxide::scanner: Discovering "/home/z/my-project/nilov-catering/research/STRUCTURE/ITER3_FIXES_W2.md"
2026-08-13T01:23:41.830748Z  INFO scan_sources: tailwindcss_oxide::scanner: Discovering "/home/z/my-project/nilov-catering/research/STRUCTURE/CRITIC_W6_C6_TRUST.md"
2026-08-13T01:23:41.830757Z  INFO scan_sources: tailwindcss_oxide::scanner: Discovering "/home/z/my-project/nilov-catering/research/STRUCTURE/CRITIC_W7_C5_UX.md"
2026-08-13T01:23:41.830765Z  INFO scan_sources: tailwindcss_oxide::scanner: Discovering "/home/z/my-project/nilov-catering/research/STRUCTURE/CRITIC_COMMISSION_19_TRUST.md"
2026-08-13T01:23:41.830778Z  INFO scan_sources: tailwindcss_oxide::scanner: Discovering "/home/z/my-project/nilov-catering/research/STRUCTURE/29_POSITIONING.md"
2026-08-13T01:23:41.830786Z  INFO scan_sources: tailwindcss_oxide::scanner: Discovering "/home/z/my-project/nilov-catering/research/STRUCTURE/33_UXSIM_PAVEL.md"
2026-08-13T01:23:41.830795Z  INFO scan_sources: tailwindcss_oxide::scanner: Discovering "/home/z/my-project/nilov-catering/research/STRUCTURE/ITER4_RECHECK_IA.md"
2026-08-13T01:23:41.830804Z  INFO scan_sources: tailwindcss_oxide::scanner: Discovering "/home/z/my-project/nilov-catering/research/STRUCTURE/ITER2_02IA_CHANGES.md"
2026-08-13T01:23:41.830812Z  INFO scan_sources: tailwindcss_oxide::scanner: Discovering "/home/z/my-project/nilov-catering/research/STRUCTURE/ITER8_RECHECK_IA.md"
2026-08-13T01:23:41.830822Z  INFO scan_sources: tailwindcss_oxide::scanner: Discovering "/home/z/my-project/nilov-catering/research/STRUCTURE/33_UXSIM_LIZA.md"
2026-08-13T01:23:41.830837Z  INFO scan_sources: tailwindcss_oxide::scanner: Discovering "/home/z/my-project/nilov-catering/research/STRUCTURE/23_MENU_STRATEGY.md"
2026-08-13T01:23:41.830845Z  INFO scan_sources: tailwindcss_oxide::scanner: Discovering "/home/z/my-project/nilov-catering/research/STRUCTURE/CRITIC_W3_C9_GAPS.md"
2026-08-13T01:23:41.830855Z  INFO scan_sources: tailwindcss_oxide::scanner: Discovering "/home/z/my-project/nilov-catering/research/STRUCTURE/14_GAP_ANALYSIS.md"
2026-08-13T01:23:41.830864Z  INFO scan_sources: tailwindcss_oxide::scanner: Discovering "/home/z/my-project/nilov-catering/research/STRUCTURE/11_GALLERY_TEASER_STORYBOARD.md"
2026-08-13T01:23:41.830872Z  INFO scan_sources: tailwindcss_oxide::scanner: Discovering "/home/z/my-project/nilov-catering/research/STRUCTURE/ITER4_FIXES_A11Y.md"
2026-08-13T01:23:41.830885Z  INFO scan_sources: tailwindcss_oxide::scanner: Discovering "/home/z/my-project/nilov-catering/research/STRUCTURE/CRITIC_W7_C3_IA.md"
2026-08-13T01:23:41.830894Z  INFO scan_sources: tailwindcss_oxide::scanner: Discovering "/home/z/my-project/nilov-catering/research/STRUCTURE/CRITIC_COMMISSION_26_HUMANFACTORS.md"
2026-08-13T01:23:41.830903Z  INFO scan_sources: tailwindcss_oxide::scanner: Discovering "/home/z/my-project/nilov-catering/research/STRUCTURE/33_UXSIM_SVETA.md"
2026-08-13T01:23:41.830912Z  INFO scan_sources: tailwindcss_oxide::scanner: Discovering "/home/z/my-project/nilov-catering/research/STRUCTURE/ITER4_RECHECK_SERVICE.md"
2026-08-13T01:23:41.830921Z  INFO scan_sources: tailwindcss_oxide::scanner: Discovering "/home/z/my-project/nilov-catering/research/STRUCTURE/ITER3_IA.md"
2026-08-13T01:23:41.830930Z  INFO scan_sources: tailwindcss_oxide::scanner: Discovering "/home/z/my-project/nilov-catering/research/STRUCTURE/CRITIC_COMMISSION_15_SEO.md"
2026-08-13T01:23:41.830942Z  INFO scan_sources: tailwindcss_oxide::scanner: Discovering "/home/z/my-project/nilov-catering/research/STRUCTURE/ITER7_FIXES_SUMMARY.md"
2026-08-13T01:23:41.830952Z  INFO scan_sources: tailwindcss_oxide::scanner: Discovering "/home/z/my-project/nilov-catering/research/STRUCTURE/CRITIC_COMMISSION_22_HOSPITALITY.md"
2026-08-13T01:23:41.830961Z  INFO scan_sources: tailwindcss_oxide::scanner: Discovering "/home/z/my-project/nilov-catering/research/STRUCTURE/CRITIC_COMMISSION_29_INTERACTION.md"
2026-08-13T01:23:41.830970Z  INFO scan_sources: tailwindcss_oxide::scanner: Discovering "/home/z/my-project/nilov-catering/research/STRUCTURE/33_UXSIM_IGOR.md"
2026-08-13T01:23:41.830991Z  INFO scan_sources: tailwindcss_oxide::scanner: Discovering "/home/z/my-project/nilov-catering/research/STRUCTURE/33_UXSIM_TATYANA.md"
2026-08-13T01:23:41.831005Z  INFO scan_sources: tailwindcss_oxide::scanner: Discovering "/home/z/my-project/nilov-catering/research/STRUCTURE/27_HOMEPAGE_AUTOVIDEO_TASK.md"
2026-08-13T01:23:41.831014Z  INFO scan_sources: tailwindcss_oxide::scanner: Discovering "/home/z/my-project/nilov-catering/research/STRUCTURE/CRITIC_W7_C7_TECH.md"
2026-08-13T01:23:41.831023Z  INFO scan_sources: tailwindcss_oxide::scanner: Discovering "/home/z/my-project/nilov-catering/research/STRUCTURE/CRITIC_W5_C2_MOTION.md"
2026-08-13T01:23:41.831032Z  INFO scan_sources: tailwindcss_oxide::scanner: Discovering "/home/z/my-project/nilov-catering/research/STRUCTURE/44_CODEREALITY_AUDIT.md"
2026-08-13T01:23:41.831041Z  INFO scan_sources: tailwindcss_oxide::scanner: Discovering "/home/z/my-project/nilov-catering/research/STRUCTURE/33_UXSIM_KATYA.md"
2026-08-13T01:23:41.831053Z  INFO scan_sources: tailwindcss_oxide::scanner: Discovering "/home/z/my-project/nilov-catering/research/STRUCTURE/CRITIC_W2_C5_UX.md"
2026-08-13T01:23:41.831062Z  INFO scan_sources: tailwindcss_oxide::scanner: Discovering "/home/z/my-project/nilov-catering/research/STRUCTURE/CRITIC_W2_C6_TRUST.md"
2026-08-13T01:23:41.831072Z  INFO scan_sources: tailwindcss_oxide::scanner: Discovering "/home/z/my-project/nilov-catering/research/STRUCTURE/CRITIC_COMMISSION_18_IA.md"
2026-08-13T01:23:41.831081Z  INFO scan_sources: tailwindcss_oxide::scanner: Discovering "/home/z/my-project/nilov-catering/research/STRUCTURE/ITER3_RECHECK_IA.md"
2026-08-13T01:23:41.831092Z  INFO scan_sources: tailwindcss_oxide::scanner: Discovering "/home/z/my-project/nilov-catering/research/STRUCTURE/33_UXSIM_OLEG.md"
2026-08-13T01:23:41.831101Z  INFO scan_sources: tailwindcss_oxide::scanner: Discovering "/home/z/my-project/nilov-catering/research/STRUCTURE/29B_TRUST_SEG_RECRITIC.md"
2026-08-13T01:23:41.831114Z  INFO scan_sources: tailwindcss_oxide::scanner: Discovering "/home/z/my-project/nilov-catering/research/STRUCTURE/27_IA_FINAL.md"
2026-08-13T01:23:41.831123Z  INFO scan_sources: tailwindcss_oxide::scanner: Discovering "/home/z/my-project/nilov-catering/research/STRUCTURE/37_MOTIONCRITIC_B_CODE.md"
2026-08-13T01:23:41.831133Z  INFO scan_sources: tailwindcss_oxide::scanner: Discovering "/home/z/my-project/nilov-catering/research/STRUCTURE/41_BUILD_CHECKLIST.md"
2026-08-13T01:23:41.831141Z  INFO scan_sources: tailwindcss_oxide::scanner: Discovering "/home/z/my-project/nilov-catering/research/STRUCTURE/ITER8_RECHECK_BRAND.md"
2026-08-13T01:23:41.831150Z  INFO scan_sources: tailwindcss_oxide::scanner: Discovering "/home/z/my-project/nilov-catering/research/STRUCTURE/03_JOURNEYS.md"
2026-08-13T01:23:41.831159Z  INFO scan_sources: tailwindcss_oxide::scanner: Discovering "/home/z/my-project/nilov-catering/research/STRUCTURE/09_HERO_STORYBOARD.md"
2026-08-13T01:23:41.831171Z  INFO scan_sources: tailwindcss_oxide::scanner: Discovering "/home/z/my-project/nilov-catering/research/STRUCTURE/CRITIC_COMMISSION_27_CREATIVEDIRECTOR.md"
2026-08-13T01:23:41.831180Z  INFO scan_sources: tailwindcss_oxide::scanner: Discovering "/home/z/my-project/nilov-catering/research/STRUCTURE/CRITIC_W4_C1_VISUAL.md"
2026-08-13T01:23:41.831189Z  INFO scan_sources: tailwindcss_oxide::scanner: Discovering "/home/z/my-project/nilov-catering/research/STRUCTURE/19B_ITER2_CRITIC_REPORT.md"
2026-08-13T01:23:41.831198Z  INFO scan_sources: tailwindcss_oxide::scanner: Discovering "/home/z/my-project/nilov-catering/research/STRUCTURE/40_BUILDDOC_CRITIC.md"
2026-08-13T01:23:41.831207Z  INFO scan_sources: tailwindcss_oxide::scanner: Discovering "/home/z/my-project/nilov-catering/research/STRUCTURE/21_LOGIC_AUDIT.md"
2026-08-13T01:23:41.831220Z  INFO scan_sources: tailwindcss_oxide::scanner: Discovering "/home/z/my-project/nilov-catering/research/STRUCTURE/C6_TRUST_FACTCHECK_CRITIC.md"
2026-08-13T01:23:41.831229Z  INFO scan_sources: tailwindcss_oxide::scanner: Discovering "/home/z/my-project/nilov-catering/research/STRUCTURE/ITER3_BRAND.md"
2026-08-13T01:23:41.831238Z  INFO scan_sources: tailwindcss_oxide::scanner: Discovering "/home/z/my-project/nilov-catering/research/STRUCTURE/01_VISUAL_DNA.md"
2026-08-13T01:23:41.831248Z  INFO scan_sources: tailwindcss_oxide::scanner: Discovering "/home/z/my-project/nilov-catering/research/STRUCTURE/SERVICE_DELIVERY_SPEC.md"
2026-08-13T01:23:41.831257Z  INFO scan_sources: tailwindcss_oxide::scanner: Discovering "/home/z/my-project/nilov-catering/research/STRUCTURE/10_FORMAT_SHOWCASE_STORYBOARD.md"
2026-08-13T01:23:41.831266Z  INFO scan_sources: tailwindcss_oxide::scanner: Discovering "/home/z/my-project/nilov-catering/research/STRUCTURE/45_FACTCHECK_AUDIT.md"
2026-08-13T01:23:41.831278Z  INFO scan_sources: tailwindcss_oxide::scanner: Discovering "/home/z/my-project/nilov-catering/research/STRUCTURE/26_VIDEO_ARCHIVE_TASK.md"
2026-08-13T01:23:41.831287Z  INFO scan_sources: tailwindcss_oxide::scanner: Discovering "/home/z/my-project/nilov-catering/research/STRUCTURE/CRITIC_W5_C4_BLOCKS.md"
2026-08-13T01:23:41.831296Z  INFO scan_sources: tailwindcss_oxide::scanner: Discovering "/home/z/my-project/nilov-catering/research/STRUCTURE/CRITIC_W7_C8_COHERENCE.md"
2026-08-13T01:23:41.831304Z  INFO scan_sources: tailwindcss_oxide::scanner: Discovering "/home/z/my-project/nilov-catering/research/STRUCTURE/12_BLOCK_EXECUTOR_PROMPT.md"
2026-08-13T01:23:41.831313Z  INFO scan_sources: tailwindcss_oxide::scanner: Discovering "/home/z/my-project/nilov-catering/research/STRUCTURE/CRITIC_W1_C3_IA.md"
2026-08-13T01:23:41.831323Z  INFO scan_sources: tailwindcss_oxide::scanner: Discovering "/home/z/my-project/nilov-catering/research/STRUCTURE/33_UXSIM_ARTYOM.md"
2026-08-13T01:23:41.831338Z  INFO scan_sources: tailwindcss_oxide::scanner: Discovering "/home/z/my-project/nilov-catering/research/STRUCTURE/ITER3_RECHECK_A11Y.md"
2026-08-13T01:23:41.831346Z  INFO scan_sources: tailwindcss_oxide::scanner: Discovering "/home/z/my-project/nilov-catering/research/STRUCTURE/39_CANON_INDEX.md"
2026-08-13T01:23:41.831357Z  INFO scan_sources: tailwindcss_oxide::scanner: Discovering "/home/z/my-project/nilov-catering/research/STRUCTURE/35_HANDOFF.md"
2026-08-13T01:23:41.831367Z  INFO scan_sources: tailwindcss_oxide::scanner: Discovering "/home/z/my-project/nilov-catering/research/STRUCTURE/ITER4_RECHECK_BRAND.md"
2026-08-13T01:23:41.831376Z  INFO scan_sources: tailwindcss_oxide::scanner: Discovering "/home/z/my-project/nilov-catering/research/STRUCTURE/01_VISUAL_STYLE_GUIDE.md"
2026-08-13T01:23:41.831385Z  INFO scan_sources: tailwindcss_oxide::scanner: Discovering "/home/z/my-project/nilov-catering/research/STRUCTURE/CRITIC_COMMISSION_04_PRODUCT.md"
2026-08-13T01:23:41.831396Z  INFO scan_sources: tailwindcss_oxide::scanner: Discovering "/home/z/my-project/nilov-catering/research/STRUCTURE/33_UXSIM_VIKTOR.md"
2026-08-13T01:23:41.831405Z  INFO scan_sources: tailwindcss_oxide::scanner: Discovering "/home/z/my-project/nilov-catering/research/STRUCTURE/28_HEROCRITIC_LIVINGPHOTO.md"
2026-08-13T01:23:41.831415Z  INFO scan_sources: tailwindcss_oxide::scanner: Discovering "/home/z/my-project/nilov-catering/research/STRUCTURE/CRITIC_COMMISSION_24_COMPETITIVE.md"
2026-08-13T01:23:41.831424Z  INFO scan_sources: tailwindcss_oxide::scanner: Discovering "/home/z/my-project/nilov-catering/research/STRUCTURE/ITER4_FIXES_AI.md"
2026-08-13T01:23:41.831433Z  INFO scan_sources: tailwindcss_oxide::scanner: Discovering "/home/z/my-project/nilov-catering/research/STRUCTURE/29_CMS_CRITIC.md"
2026-08-13T01:23:41.831444Z  INFO scan_sources: tailwindcss_oxide::scanner: Discovering "/home/z/my-project/nilov-catering/research/STRUCTURE/46_GAPHUNTER_AUDIT.md"
2026-08-13T01:23:41.831453Z  INFO scan_sources: tailwindcss_oxide::scanner: Discovering "/home/z/my-project/nilov-catering/research/STRUCTURE/CRITIC_W7_C6_TRUST_FULL.md"
2026-08-13T01:23:41.831463Z  INFO scan_sources: tailwindcss_oxide::scanner: Discovering "/home/z/my-project/nilov-catering/research/STRUCTURE/BENCHMARK_CRITIC_2026.md"
2026-08-13T01:23:41.831473Z  INFO scan_sources: tailwindcss_oxide::scanner: Discovering "/home/z/my-project/nilov-catering/research/STRUCTURE/16_BLOCK_BENCHMARKS.md"
2026-08-13T01:23:41.831482Z  INFO scan_sources: tailwindcss_oxide::scanner: Discovering "/home/z/my-project/nilov-catering/research/STRUCTURE/ITER3_SERVICE.md"
2026-08-13T01:23:41.831490Z  INFO scan_sources: tailwindcss_oxide::scanner: Discovering "/home/z/my-project/nilov-catering/research/STRUCTURE/ITER8_RECHECK_SERVICE.md"
2026-08-13T01:23:41.831502Z  INFO scan_sources: tailwindcss_oxide::scanner: Discovering "/home/z/my-project/nilov-catering/research/STRUCTURE/33_UXSIM_ROMAN.md"
2026-08-13T01:23:41.831511Z  INFO scan_sources: tailwindcss_oxide::scanner: Discovering "/home/z/my-project/nilov-catering/research/STRUCTURE/MOTION_SPEC.md"
2026-08-13T01:23:41.831520Z  INFO scan_sources: tailwindcss_oxide::scanner: Discovering "/home/z/my-project/nilov-catering/research/STRUCTURE/08_CONSTRUCTOR_SPEC.md"
2026-08-13T01:23:41.831529Z  INFO scan_sources: tailwindcss_oxide::scanner: Discovering "/home/z/my-project/nilov-catering/research/STRUCTURE/CRITIC_W1_C1_VISUAL.md"
2026-08-13T01:23:41.831538Z  INFO scan_sources: tailwindcss_oxide::scanner: Discovering "/home/z/my-project/nilov-catering/research/STRUCTURE/29_TRUST_SEG_CRITIC.md"
2026-08-13T01:23:41.831547Z  INFO scan_sources: tailwindcss_oxide::scanner: Discovering "/home/z/my-project/nilov-catering/research/STRUCTURE/ITER5_RECHECK_IA.md"
2026-08-13T01:23:41.831560Z  INFO scan_sources: tailwindcss_oxide::scanner: Discovering "/home/z/my-project/nilov-catering/research/STRUCTURE/CRITIC_COMMISSION_08_BEHAVIORAL.md"
2026-08-13T01:23:41.831572Z  INFO scan_sources: tailwindcss_oxide::scanner: Discovering "/home/z/my-project/nilov-catering/research/STRUCTURE/21B_LOGIC_AUDIT_WAVE2.md"
2026-08-13T01:23:41.831586Z  INFO scan_sources: tailwindcss_oxide::scanner: Discovering "/home/z/my-project/nilov-catering/research/STRUCTURE/20_CRITIC_RESULTS.md"
2026-08-13T01:23:41.831597Z  INFO scan_sources: tailwindcss_oxide::scanner: Discovering "/home/z/my-project/nilov-catering/research/STRUCTURE/29_DEVICECRITIC.md"
2026-08-13T01:23:41.831608Z  INFO scan_sources: tailwindcss_oxide::scanner: Discovering "/home/z/my-project/nilov-catering/research/STRUCTURE/33_UXSIM_GOSHA.md"
2026-08-13T01:23:41.831620Z  INFO scan_sources: tailwindcss_oxide::scanner: Discovering "/home/z/my-project/nilov-catering/research/STRUCTURE/ITER3_RECHECK_SERVICE.md"
2026-08-13T01:23:41.831630Z  INFO scan_sources: tailwindcss_oxide::scanner: Discovering "/home/z/my-project/nilov-catering/research/STRUCTURE/CRITIC_W1_C2_MOTION.md"
2026-08-13T01:23:41.831639Z  INFO scan_sources: tailwindcss_oxide::scanner: Discovering "/home/z/my-project/nilov-catering/research/STRUCTURE/ITER2_04BLOCKS_CHANGES.md"
2026-08-13T01:23:41.831648Z  INFO scan_sources: tailwindcss_oxide::scanner: Discovering "/home/z/my-project/nilov-catering/research/STRUCTURE/ITER3_RECHECK_BRAND.md"
2026-08-13T01:23:41.831656Z  INFO scan_sources: tailwindcss_oxide::scanner: Discovering "/home/z/my-project/nilov-catering/research/STRUCTURE/ITER4_FIXES_SERVICE.md"
2026-08-13T01:23:41.831669Z  INFO scan_sources: tailwindcss_oxide::scanner: Discovering "/home/z/my-project/nilov-catering/research/STRUCTURE/CRITIC_W4_C3_IA.md"
2026-08-13T01:23:41.831678Z  INFO scan_sources: tailwindcss_oxide::scanner: Discovering "/home/z/my-project/nilov-catering/research/STRUCTURE/25_MENU_UX_CRITIC.md"
2026-08-13T01:23:41.831687Z  INFO scan_sources: tailwindcss_oxide::scanner: Discovering "/home/z/my-project/nilov-catering/research/STRUCTURE/ITER5_RECHECK_SERVICE.md"
2026-08-13T01:23:41.831696Z  INFO scan_sources: tailwindcss_oxide::scanner: Discovering "/home/z/my-project/nilov-catering/research/STRUCTURE/07_CALCULATOR_SPEC.md"
2026-08-13T01:23:41.831705Z  INFO scan_sources: tailwindcss_oxide::scanner: Discovering "/home/z/my-project/nilov-catering/research/STRUCTURE/02_IA.md"
2026-08-13T01:23:41.831717Z  INFO scan_sources: tailwindcss_oxide::scanner: Discovering "/home/z/my-project/nilov-catering/research/STRUCTURE/CRITIC_W2_C4_BLOCKS.md"
2026-08-13T01:23:41.831732Z  INFO scan_sources: tailwindcss_oxide::scanner: Discovering "/home/z/my-project/nilov-catering/research/STRUCTURE/CRITIC_COMMISSION_12_ARTDIRECTOR.md"
2026-08-13T01:23:41.831742Z  INFO scan_sources: tailwindcss_oxide::scanner: Discovering "/home/z/my-project/nilov-catering/research/STRUCTURE/CRITIC_COMMISSION_30_ANIMATIONENG.md"
2026-08-13T01:23:41.831752Z  INFO scan_sources: tailwindcss_oxide::scanner: Discovering "/home/z/my-project/nilov-catering/research/STRUCTURE/33_UXSIM_SERGEY.md"
2026-08-13T01:23:41.831761Z  INFO scan_sources: tailwindcss_oxide::scanner: Discovering "/home/z/my-project/nilov-catering/research/STRUCTURE/ITER2_NEWSPECS_CHANGES.md"
2026-08-13T01:23:41.831770Z  INFO scan_sources: tailwindcss_oxide::scanner: Discovering "/home/z/my-project/nilov-catering/research/STRUCTURE/25_MENUCRITIC_FINAL.md"
2026-08-13T01:23:41.831782Z  INFO scan_sources: tailwindcss_oxide::scanner: Discovering "/home/z/my-project/nilov-catering/research/STRUCTURE/CRITIC_COMMISSION_17_MOBILEUX.md"
2026-08-13T01:23:41.831791Z  INFO scan_sources: tailwindcss_oxide::scanner: Discovering "/home/z/my-project/nilov-catering/research/STRUCTURE/ITER4_FIXES_BRAND.md"
2026-08-13T01:23:41.831800Z  INFO scan_sources: tailwindcss_oxide::scanner: Discovering "/home/z/my-project/nilov-catering/research/STRUCTURE/CRITIC_COMMISSION_06_LANDING.md"
2026-08-13T01:23:41.831809Z  INFO scan_sources: tailwindcss_oxide::scanner: Discovering "/home/z/my-project/nilov-catering/research/STRUCTURE/CRITIC_COMMISSION_01_UXRESEARCH.md"
2026-08-13T01:23:41.831818Z  INFO scan_sources: tailwindcss_oxide::scanner: Discovering "/home/z/my-project/nilov-catering/research/STRUCTURE/33_UXSIM_YULIA.md"
2026-08-13T01:23:41.831829Z  INFO scan_sources: tailwindcss_oxide::scanner: Discovering "/home/z/my-project/nilov-catering/research/STRUCTURE/ITER8_RECHECK_A11Y.md"
2026-08-13T01:23:41.831841Z  INFO scan_sources: tailwindcss_oxide::scanner: Discovering "/home/z/my-project/nilov-catering/research/STRUCTURE/CRITIC_W3_C8_COHERENCE.md"
2026-08-13T01:23:41.831849Z  INFO scan_sources: tailwindcss_oxide::scanner: Discovering "/home/z/my-project/nilov-catering/research/STRUCTURE/CRITIC_W7_C2_MOTION.md"
2026-08-13T01:23:41.831861Z  INFO scan_sources: tailwindcss_oxide::scanner: Discovering "/home/z/my-project/nilov-catering/research/STRUCTURE/47_COHERENCE_AUDIT.md"
2026-08-13T01:23:41.831870Z  INFO scan_sources: tailwindcss_oxide::scanner: Discovering "/home/z/my-project/nilov-catering/research/STRUCTURE/15_REPO_AUDIT.md"
2026-08-13T01:23:41.831880Z  INFO scan_sources: tailwindcss_oxide::scanner: Discovering "/home/z/my-project/nilov-catering/research/STRUCTURE/CRITIC_COMMISSION_28_MOTION.md"
2026-08-13T01:23:41.831889Z  INFO scan_sources: tailwindcss_oxide::scanner: Discovering "/home/z/my-project/nilov-catering/research/STRUCTURE/40_BRAND_VOICE.md"
2026-08-13T01:23:41.831900Z  INFO scan_sources: tailwindcss_oxide::scanner: Discovering "/home/z/my-project/nilov-catering/research/STRUCTURE/ITER4_FIXES_TRUST.md"
2026-08-13T01:23:41.831919Z  INFO scan_sources: tailwindcss_oxide::scanner: Discovering "/home/z/my-project/nilov-catering/research/STRUCTURE/CRITIC_W4_C6_TRUST.md"
2026-08-13T01:23:41.831929Z  INFO scan_sources: tailwindcss_oxide::scanner: Discovering "/home/z/my-project/nilov-catering/research/STRUCTURE/CRITIC_W4_C5_UX.md"
2026-08-13T01:23:41.831937Z  INFO scan_sources: tailwindcss_oxide::scanner: Discovering "/home/z/my-project/nilov-catering/research/STRUCTURE/05_BUILD.md"
2026-08-13T01:23:41.831950Z  INFO scan_sources: tailwindcss_oxide::scanner: Discovering "/home/z/my-project/nilov-catering/research/STRUCTURE/33_UXSIM_MAX.md"
2026-08-13T01:23:41.831959Z  INFO scan_sources: tailwindcss_oxide::scanner: Discovering "/home/z/my-project/nilov-catering/research/STRUCTURE/ITER7_FINAL_RECHECK.md"
2026-08-13T01:23:41.831969Z  INFO scan_sources: tailwindcss_oxide::scanner: Discovering "/home/z/my-project/nilov-catering/research/STRUCTURE/33_UXSIM_PETYA.md"
2026-08-13T01:23:41.831986Z  INFO scan_sources: tailwindcss_oxide::scanner: Discovering "/home/z/my-project/nilov-catering/research/STRUCTURE/CRITIC_C2_MOTION_RECHECK.md"
2026-08-13T01:23:41.831998Z  INFO scan_sources: tailwindcss_oxide::scanner: Discovering "/home/z/my-project/nilov-catering/research/STRUCTURE/ITER8_RECHECK_AI.md"
2026-08-13T01:23:41.832012Z  INFO scan_sources: tailwindcss_oxide::scanner: Discovering "/home/z/my-project/nilov-catering/research/STRUCTURE/06_TOKENS.md"
2026-08-13T01:23:41.832021Z  INFO scan_sources: tailwindcss_oxide::scanner: Discovering "/home/z/my-project/nilov-catering/research/STRUCTURE/CRITIC_W3_C7_TECH.md"
2026-08-13T01:23:41.832030Z  INFO scan_sources: tailwindcss_oxide::scanner: Discovering "/home/z/my-project/nilov-catering/research/STRUCTURE/CRITIC_COMMISSION_03_CRO.md"
2026-08-13T01:23:41.832039Z  INFO scan_sources: tailwindcss_oxide::scanner: Discovering "/home/z/my-project/nilov-catering/research/STRUCTURE/33_UXSIM_ZHANNA.md"
2026-08-13T01:23:41.832048Z  INFO scan_sources: tailwindcss_oxide::scanner: Discovering "/home/z/my-project/nilov-catering/research/STRUCTURE/33_UXSIM_MARINA.md"
2026-08-13T01:23:41.832057Z  INFO scan_sources: tailwindcss_oxide::scanner: Discovering "/home/z/my-project/nilov-catering/research/STRUCTURE/CRITIC_COMMISSION_MASTER.md"
2026-08-13T01:23:41.832069Z  INFO scan_sources: tailwindcss_oxide::scanner: Discovering "/home/z/my-project/nilov-catering/research/STRUCTURE/33_UXSIM_WEDAGENCY.md"
2026-08-13T01:23:41.832077Z  INFO scan_sources: tailwindcss_oxide::scanner: Discovering "/home/z/my-project/nilov-catering/research/STRUCTURE/ITER3_A11Y.md"
2026-08-13T01:23:41.832086Z  INFO scan_sources: tailwindcss_oxide::scanner: Discovering "/home/z/my-project/nilov-catering/research/STRUCTURE/24_MENU_CRITIC.md"
2026-08-13T01:23:41.832099Z  INFO scan_sources: tailwindcss_oxide::scanner: Discovering "/home/z/my-project/nilov-catering/research/STRUCTURE/ITER3_FIXES_04TOKENS.md"
2026-08-13T01:23:41.832108Z  INFO scan_sources: tailwindcss_oxide::scanner: Discovering "/home/z/my-project/nilov-catering/research/STRUCTURE/CRITIC_COMMISSION_14_A11Y.md"
2026-08-13T01:23:41.832120Z  INFO scan_sources: tailwindcss_oxide::scanner: Discovering "/home/z/my-project/nilov-catering/research/STRUCTURE/17_MEDIA_DIRECTION.md"
2026-08-13T01:23:41.832129Z  INFO scan_sources: tailwindcss_oxide::scanner: Discovering "/home/z/my-project/nilov-catering/research/STRUCTURE/ITER4_RECHECK_AI.md"
2026-08-13T01:23:41.832139Z  INFO scan_sources: tailwindcss_oxide::scanner: Discovering "/home/z/my-project/nilov-catering/research/STRUCTURE/ITER8_RECHECK_TRUST.md"
2026-08-13T01:23:41.832148Z  INFO scan_sources: tailwindcss_oxide::scanner: Discovering "/home/z/my-project/nilov-catering/research/STRUCTURE/ITER3_RECHECK_AI.md"
2026-08-13T01:23:41.832157Z  INFO scan_sources: tailwindcss_oxide::scanner: Discovering "/home/z/my-project/nilov-catering/research/STRUCTURE/CRITIC_COMMISSION_25_AIUX.md"
2026-08-13T01:23:41.832166Z  INFO scan_sources: tailwindcss_oxide::scanner: Discovering "/home/z/my-project/nilov-catering/research/STRUCTURE/ITER5_RECHECK_A11Y.md"
2026-08-13T01:23:41.832179Z  INFO scan_sources: tailwindcss_oxide::scanner: Discovering "/home/z/my-project/nilov-catering/research/STRUCTURE/31_CODEREALITY_CRITIC.md"
2026-08-13T01:23:41.832188Z  INFO scan_sources: tailwindcss_oxide::scanner: Discovering "/home/z/my-project/nilov-catering/research/STRUCTURE/ASSET_INVENTORY.md"
2026-08-13T01:23:41.832196Z  INFO scan_sources: tailwindcss_oxide::scanner: Discovering "/home/z/my-project/nilov-catering/research/STRUCTURE/19B_CRITIC_REPORT.md"
2026-08-13T01:23:41.832205Z  INFO scan_sources: tailwindcss_oxide::scanner: Discovering "/home/z/my-project/nilov-catering/research/STRUCTURE/FACTCHECK_REPORT.md"
2026-08-13T01:23:41.832215Z  INFO scan_sources: tailwindcss_oxide::scanner: Discovering "/home/z/my-project/nilov-catering/research/STRUCTURE/42_NAV_UX_AUDIT.md"
2026-08-13T01:23:41.832224Z  INFO scan_sources: tailwindcss_oxide::scanner: Discovering "/home/z/my-project/nilov-catering/research/STRUCTURE/32_UX_PERSONAS.md"
2026-08-13T01:23:41.832236Z  INFO scan_sources: tailwindcss_oxide::scanner: Discovering "/home/z/my-project/nilov-catering/research/STRUCTURE/CRITIC_COMMISSION_23_LOCAL.md"
2026-08-13T01:23:41.832245Z  INFO scan_sources: tailwindcss_oxide::scanner: Discovering "/home/z/my-project/nilov-catering/research/STRUCTURE/ITER4_RECHECK_TRUST.md"
2026-08-13T01:23:41.832254Z  INFO scan_sources: tailwindcss_oxide::scanner: Discovering "/home/z/my-project/nilov-catering/research/STRUCTURE/ITER3_TRUST.md"
2026-08-13T01:23:41.832265Z  INFO scan_sources: tailwindcss_oxide::scanner: Discovering "/home/z/my-project/nilov-catering/research/STRUCTURE/30_HOSTING_CRITIC.md"
2026-08-13T01:23:41.832274Z  INFO scan_sources: tailwindcss_oxide::scanner: Discovering "/home/z/my-project/nilov-catering/research/STRUCTURE/18_CRITIC_SYSTEM.md"
2026-08-13T01:23:41.832285Z  INFO scan_sources: tailwindcss_oxide::scanner: Discovering "/home/z/my-project/nilov-catering/research/STRUCTURE/36_DESIGN_RUBRIC.md"
2026-08-13T01:23:41.832295Z  INFO scan_sources: tailwindcss_oxide::scanner: Discovering "/home/z/my-project/nilov-catering/research/STRUCTURE/17_IA_CRITIC.md"
2026-08-13T01:23:41.832304Z  INFO scan_sources: tailwindcss_oxide::scanner: Discovering "/home/z/my-project/nilov-catering/research/STRUCTURE/19_BLOCK_CRITICS.md"
2026-08-13T01:23:41.832313Z  INFO scan_sources: tailwindcss_oxide::scanner: Discovering "/home/z/my-project/nilov-catering/research/STRUCTURE/30_REVIEWS_CRITIC.md"
2026-08-13T01:23:41.832322Z  INFO scan_sources: tailwindcss_oxide::scanner: Discovering "/home/z/my-project/nilov-catering/research/STRUCTURE/33_UXSIM_DARYA.md"
2026-08-13T01:23:41.832407Z  INFO scan_sources: tailwindcss_oxide::scanner: Discovering "/home/z/my-project/nilov-catering/research/STRUCTURE/37_MOTIONCRITIC_A_SPEC.md"
2026-08-13T01:23:41.832421Z  INFO scan_sources: tailwindcss_oxide::scanner: Discovering "/home/z/my-project/nilov-catering/research/STRUCTURE/CRITIC_CMS_CMO_REPORT.md"
2026-08-13T01:23:41.832430Z  INFO scan_sources: tailwindcss_oxide::scanner: Discovering "/home/z/my-project/nilov-catering/research/STRUCTURE/CRITIC_COMMISSION_02_UIDESIGNER.md"
2026-08-13T01:23:41.832439Z  INFO scan_sources: tailwindcss_oxide::scanner: Discovering "/home/z/my-project/nilov-catering/research/STRUCTURE/34_UX_SUMMARY.md"
2026-08-13T01:23:41.832448Z  INFO scan_sources: tailwindcss_oxide::scanner: Discovering "/home/z/my-project/nilov-catering/research/STRUCTURE/CODE_REALITY_BACKLOG.md"
2026-08-13T01:23:41.832460Z  INFO scan_sources: tailwindcss_oxide::scanner: Discovering "/home/z/my-project/nilov-catering/research/STRUCTURE/33_UXSIM_OLGA.md"
2026-08-13T01:23:41.832481Z  INFO scan_sources: tailwindcss_oxide::scanner: Discovering "/home/z/my-project/nilov-catering/research/NILOV_UNIFIED_MENU.md"
2026-08-13T01:23:41.832490Z  INFO scan_sources: tailwindcss_oxide::scanner: Discovering "/home/z/my-project/nilov-catering/research/01_furshet_menu_data.md"
2026-08-13T01:23:41.832498Z  INFO scan_sources: tailwindcss_oxide::scanner: Discovering "/home/z/my-project/nilov-catering/research/01_interfood_full_data.md"
2026-08-13T01:23:41.832511Z  INFO scan_sources: tailwindcss_oxide::scanner: Discovering "/home/z/my-project/nilov-catering/research/FINAL_RESEARCH_DOCUMENT.md"
2026-08-13T01:23:41.832520Z  INFO scan_sources: tailwindcss_oxide::scanner: Discovering "/home/z/my-project/nilov-catering/research/FACTCHECK_REPORT_2026-07-20.md"
2026-08-13T01:23:41.832529Z  INFO scan_sources: tailwindcss_oxide::scanner: Discovering "/home/z/my-project/nilov-catering/research/MENU_UX_BENCHMARK_2026.md"
2026-08-13T01:23:41.832549Z  INFO scan_sources: tailwindcss_oxide::scanner: Discovering "/home/z/my-project/nilov-catering/package.json"
2026-08-13T01:23:41.832593Z  INFO scan_sources: tailwindcss_oxide::scanner: Discovering "/home/z/my-project/nilov-catering/snapshots-w90-compressed"
2026-08-13T01:23:41.832654Z  INFO scan_sources: tailwindcss_oxide::scanner: Discovering "/home/z/my-project/nilov-catering/.githooks"
2026-08-13T01:23:41.832672Z  INFO scan_sources: tailwindcss_oxide::scanner: Discovering "/home/z/my-project/nilov-catering/.githooks/pre-commit"
2026-08-13T01:23:41.832691Z  INFO scan_sources: tailwindcss_oxide::scanner: Discovering "/home/z/my-project/nilov-catering/.hermes.md"
2026-08-13T01:23:41.832713Z  INFO scan_sources: tailwindcss_oxide::scanner: Discovering "/home/z/my-project/nilov-catering/AGENTS.md"
2026-08-13T01:23:41.832723Z  INFO scan_sources: tailwindcss_oxide::scanner: Discovering "/home/z/my-project/nilov-catering/next-env.d.ts"
2026-08-13T01:23:41.832736Z  INFO scan_sources: tailwindcss_oxide::scanner: Discovering "/home/z/my-project/nilov-catering/snapshots-v8-resized"
2026-08-13T01:23:41.832776Z  INFO scan_sources: tailwindcss_oxide::scanner: Discovering "/home/z/my-project/nilov-catering/snapshots-v3-resized"
2026-08-13T01:23:41.832815Z  INFO scan_sources: tailwindcss_oxide::scanner: Discovering "/home/z/my-project/nilov-catering/next.config.ts"
2026-08-13T01:23:41.832825Z  INFO scan_sources: tailwindcss_oxide::scanner: Discovering "/home/z/my-project/nilov-catering/snapshots-v4-resized"
2026-08-13T01:23:41.832868Z  INFO scan_sources: tailwindcss_oxide::scanner: Discovering "/home/z/my-project/nilov-catering/public"
2026-08-13T01:23:41.832894Z  INFO scan_sources: tailwindcss_oxide::scanner: Discovering "/home/z/my-project/nilov-catering/public/placeholders"
2026-08-13T01:23:41.832937Z  INFO scan_sources: tailwindcss_oxide::scanner: Discovering "/home/z/my-project/nilov-catering/public/placeholders/addon-eco.svg"
2026-08-13T01:23:41.832946Z  INFO scan_sources: tailwindcss_oxide::scanner: Discovering "/home/z/my-project/nilov-catering/public/placeholders/addon-kids-show.svg"
2026-08-13T01:23:41.832959Z  INFO scan_sources: tailwindcss_oxide::scanner: Discovering "/home/z/my-project/nilov-catering/public/placeholders/video-recap-4.svg"
2026-08-13T01:23:41.832972Z  INFO scan_sources: tailwindcss_oxide::scanner: Discovering "/home/z/my-project/nilov-catering/public/placeholders/video-showcase-1.svg"
2026-08-13T01:23:41.833026Z  INFO scan_sources: tailwindcss_oxide::scanner: Discovering "/home/z/my-project/nilov-catering/public/placeholders/hero-banket.svg"
2026-08-13T01:23:41.833036Z  INFO scan_sources: tailwindcss_oxide::scanner: Discovering "/home/z/my-project/nilov-catering/public/placeholders/addon-pyramid.svg"
2026-08-13T01:23:41.833045Z  INFO scan_sources: tailwindcss_oxide::scanner: Discovering "/home/z/my-project/nilov-catering/public/placeholders/addon-face-paint.svg"
2026-08-13T01:23:41.833054Z  INFO scan_sources: tailwindcss_oxide::scanner: Discovering "/home/z/my-project/nilov-catering/public/placeholders/hero-detskoe.svg"
2026-08-13T01:23:41.833063Z  INFO scan_sources: tailwindcss_oxide::scanner: Discovering "/home/z/my-project/nilov-catering/public/placeholders/addon-cake.svg"
2026-08-13T01:23:41.833075Z  INFO scan_sources: tailwindcss_oxide::scanner: Discovering "/home/z/my-project/nilov-catering/public/placeholders/video-recap-3.svg"
2026-08-13T01:23:41.833084Z  INFO scan_sources: tailwindcss_oxide::scanner: Discovering "/home/z/my-project/nilov-catering/public/placeholders/addon-fountain.svg"
2026-08-13T01:23:41.833093Z  INFO scan_sources: tailwindcss_oxide::scanner: Discovering "/home/z/my-project/nilov-catering/public/placeholders/addon-florist.svg"
2026-08-13T01:23:41.833101Z  INFO scan_sources: tailwindcss_oxide::scanner: Discovering "/home/z/my-project/nilov-catering/public/placeholders/addon-sommelier.svg"
2026-08-13T01:23:41.833110Z  INFO scan_sources: tailwindcss_oxide::scanner: Discovering "/home/z/my-project/nilov-catering/public/placeholders/hero-coffee-break.svg"
2026-08-13T01:23:41.833119Z  INFO scan_sources: tailwindcss_oxide::scanner: Discovering "/home/z/my-project/nilov-catering/public/placeholders/hero-mobile-furshet.svg"
2026-08-13T01:23:41.833130Z  INFO scan_sources: tailwindcss_oxide::scanner: Discovering "/home/z/my-project/nilov-catering/public/placeholders/hero-chef-at-home.svg"
2026-08-13T01:23:41.833139Z  INFO scan_sources: tailwindcss_oxide::scanner: Discovering "/home/z/my-project/nilov-catering/public/placeholders/addon-video.svg"
2026-08-13T01:23:41.833147Z  INFO scan_sources: tailwindcss_oxide::scanner: Discovering "/home/z/my-project/nilov-catering/public/placeholders/hero-furshet.svg"
2026-08-13T01:23:41.833154Z  INFO scan_sources: tailwindcss_oxide::scanner: Discovering "/home/z/my-project/nilov-catering/public/placeholders/addon-photo-zone.svg"
2026-08-13T01:23:41.833162Z  INFO scan_sources: tailwindcss_oxide::scanner: Discovering "/home/z/my-project/nilov-catering/public/placeholders/addon-masterclass.svg"
2026-08-13T01:23:41.833170Z  INFO scan_sources: tailwindcss_oxide::scanner: Discovering "/home/z/my-project/nilov-catering/public/placeholders/addon-animator.svg"
2026-08-13T01:23:41.833182Z  INFO scan_sources: tailwindcss_oxide::scanner: Discovering "/home/z/my-project/nilov-catering/public/placeholders/addon-bartender.svg"
2026-08-13T01:23:41.833190Z  INFO scan_sources: tailwindcss_oxide::scanner: Discovering "/home/z/my-project/nilov-catering/public/placeholders/video-recap-2.svg"
2026-08-13T01:23:41.833199Z  INFO scan_sources: tailwindcss_oxide::scanner: Discovering "/home/z/my-project/nilov-catering/public/placeholders/addon-show-station.svg"
2026-08-13T01:23:41.833207Z  INFO scan_sources: tailwindcss_oxide::scanner: Discovering "/home/z/my-project/nilov-catering/public/placeholders/hero-poster.svg"
2026-08-13T01:23:41.833216Z  INFO scan_sources: tailwindcss_oxide::scanner: Discovering "/home/z/my-project/nilov-catering/public/placeholders/video-recap-1.svg"
2026-08-13T01:23:41.833233Z  INFO scan_sources: tailwindcss_oxide::scanner: Discovering "/home/z/my-project/nilov-catering/public/apple-touch-icon.svg"
2026-08-13T01:23:41.833248Z  INFO scan_sources: tailwindcss_oxide::scanner: Discovering "/home/z/my-project/nilov-catering/public/videos"
2026-08-13T01:23:41.833277Z  INFO scan_sources: tailwindcss_oxide::scanner: Discovering "/home/z/my-project/nilov-catering/public/videos/sections"
2026-08-13T01:23:41.833309Z  INFO scan_sources: tailwindcss_oxide::scanner: Discovering "/home/z/my-project/nilov-catering/public/videos/hero"
2026-08-13T01:23:41.833338Z  INFO scan_sources: tailwindcss_oxide::scanner: Discovering "/home/z/my-project/nilov-catering/public/videos/gallery"
2026-08-13T01:23:41.833364Z  INFO scan_sources: tailwindcss_oxide::scanner: Discovering "/home/z/my-project/nilov-catering/public/videos/menu"
2026-08-13T01:23:41.833395Z  INFO scan_sources: tailwindcss_oxide::scanner: Discovering "/home/z/my-project/nilov-catering/public/next.svg"
2026-08-13T01:23:41.833408Z  INFO scan_sources: tailwindcss_oxide::scanner: Discovering "/home/z/my-project/nilov-catering/public/llms.txt"
2026-08-13T01:23:41.833417Z  INFO scan_sources: tailwindcss_oxide::scanner: Discovering "/home/z/my-project/nilov-catering/public/sw.js"
2026-08-13T01:23:41.833427Z  INFO scan_sources: tailwindcss_oxide::scanner: Discovering "/home/z/my-project/nilov-catering/public/robots.txt"
2026-08-13T01:23:41.833437Z  INFO scan_sources: tailwindcss_oxide::scanner: Discovering "/home/z/my-project/nilov-catering/public/window.svg"
2026-08-13T01:23:41.833445Z  INFO scan_sources: tailwindcss_oxide::scanner: Discovering "/home/z/my-project/nilov-catering/public/file.svg"
2026-08-13T01:23:41.833457Z  INFO scan_sources: tailwindcss_oxide::scanner: Discovering "/home/z/my-project/nilov-catering/public/uploads"
2026-08-13T01:23:41.833481Z  INFO scan_sources: tailwindcss_oxide::scanner: Discovering "/home/z/my-project/nilov-catering/public/uploads/.gitkeep"
2026-08-13T01:23:41.833494Z  INFO scan_sources: tailwindcss_oxide::scanner: Discovering "/home/z/my-project/nilov-catering/public/styles"
2026-08-13T01:23:41.833514Z  INFO scan_sources: tailwindcss_oxide::scanner: Discovering "/home/z/my-project/nilov-catering/public/styles/print.css"
2026-08-13T01:23:41.833530Z  INFO scan_sources: tailwindcss_oxide::scanner: Discovering "/home/z/my-project/nilov-catering/public/critic-shots"
2026-08-13T01:23:41.833555Z  INFO scan_sources: tailwindcss_oxide::scanner: Discovering "/home/z/my-project/nilov-catering/public/globe.svg"
2026-08-13T01:23:41.833565Z  INFO scan_sources: tailwindcss_oxide::scanner: Discovering "/home/z/my-project/nilov-catering/public/press-kit"
2026-08-13T01:23:41.833596Z  INFO scan_sources: tailwindcss_oxide::scanner: Discovering "/home/z/my-project/nilov-catering/public/press-kit/press-release-2026.html"
2026-08-13T01:23:41.833607Z  INFO scan_sources: tailwindcss_oxide::scanner: Discovering "/home/z/my-project/nilov-catering/public/press-kit/nilov-logo.svg"
2026-08-13T01:23:41.833617Z  INFO scan_sources: tailwindcss_oxide::scanner: Discovering "/home/z/my-project/nilov-catering/public/vercel.svg"
2026-08-13T01:23:41.833632Z  INFO scan_sources: tailwindcss_oxide::scanner: Discovering "/home/z/my-project/nilov-catering/public/images"
2026-08-13T01:23:41.833656Z  INFO scan_sources: tailwindcss_oxide::scanner: Discovering "/home/z/my-project/nilov-catering/public/images/catering"
2026-08-13T01:23:41.834309Z  INFO scan_sources: tailwindcss_oxide::scanner: Discovering "/home/z/my-project/nilov-catering/public/images/restaurant"
2026-08-13T01:23:41.834335Z  INFO scan_sources: tailwindcss_oxide::scanner: Discovering "/home/z/my-project/nilov-catering/public/images/restaurant/kitchen.svg"
2026-08-13T01:23:41.834349Z  INFO scan_sources: tailwindcss_oxide::scanner: Discovering "/home/z/my-project/nilov-catering/public/images/hero"
2026-08-13T01:23:41.834374Z  INFO scan_sources: tailwindcss_oxide::scanner: Discovering "/home/z/my-project/nilov-catering/public/images/hero/corporate.jpg.svg"
2026-08-13T01:23:41.834384Z  INFO scan_sources: tailwindcss_oxide::scanner: Discovering "/home/z/my-project/nilov-catering/public/images/hero/poster.svg"
2026-08-13T01:23:41.834395Z  INFO scan_sources: tailwindcss_oxide::scanner: Discovering "/home/z/my-project/nilov-catering/public/images/hero/wedding.jpg.svg"
2026-08-13T01:23:41.834408Z  INFO scan_sources: tailwindcss_oxide::scanner: Discovering "/home/z/my-project/nilov-catering/public/images/hero/banquet.jpg.svg"
2026-08-13T01:23:41.834421Z  INFO scan_sources: tailwindcss_oxide::scanner: Discovering "/home/z/my-project/nilov-catering/public/images/hero/catering-hero.svg"
2026-08-13T01:23:41.834430Z  INFO scan_sources: tailwindcss_oxide::scanner: Discovering "/home/z/my-project/nilov-catering/public/images/hero/catering-hero.jpg.svg"
2026-08-13T01:23:41.834445Z  INFO scan_sources: tailwindcss_oxide::scanner: Discovering "/home/z/my-project/nilov-catering/public/images/gallery"
2026-08-13T01:23:41.834493Z  INFO scan_sources: tailwindcss_oxide::scanner: Discovering "/home/z/my-project/nilov-catering/public/images/gallery/g4.svg"
2026-08-13T01:23:41.834508Z  INFO scan_sources: tailwindcss_oxide::scanner: Discovering "/home/z/my-project/nilov-catering/public/images/gallery/servirovka.svg"
2026-08-13T01:23:41.834519Z  INFO scan_sources: tailwindcss_oxide::scanner: Discovering "/home/z/my-project/nilov-catering/public/images/gallery/wedding-120.svg"
2026-08-13T01:23:41.834545Z  INFO scan_sources: tailwindcss_oxide::scanner: Discovering "/home/z/my-project/nilov-catering/public/images/gallery/banket.svg"
2026-08-13T01:23:41.834561Z  INFO scan_sources: tailwindcss_oxide::scanner: Discovering "/home/z/my-project/nilov-catering/public/images/gallery/show-station.svg"
2026-08-13T01:23:41.834573Z  INFO scan_sources: tailwindcss_oxide::scanner: Discovering "/home/z/my-project/nilov-catering/public/images/gallery/g6.svg"
2026-08-13T01:23:41.834591Z  INFO scan_sources: tailwindcss_oxide::scanner: Discovering "/home/z/my-project/nilov-catering/public/images/gallery/wedding-banquet.svg"
2026-08-13T01:23:41.834603Z  INFO scan_sources: tailwindcss_oxide::scanner: Discovering "/home/z/my-project/nilov-catering/public/images/gallery/g5.svg"
2026-08-13T01:23:41.834618Z  INFO scan_sources: tailwindcss_oxide::scanner: Discovering "/home/z/my-project/nilov-catering/public/images/gallery/chef-at-home.svg"
2026-08-13T01:23:41.834631Z  INFO scan_sources: tailwindcss_oxide::scanner: Discovering "/home/z/my-project/nilov-catering/public/images/gallery/cocktail.svg"
2026-08-13T01:23:41.834649Z  INFO scan_sources: tailwindcss_oxide::scanner: Discovering "/home/z/my-project/nilov-catering/public/images/gallery/corporate-furshet.svg"
2026-08-13T01:23:41.834658Z  INFO scan_sources: tailwindcss_oxide::scanner: Discovering "/home/z/my-project/nilov-catering/public/images/gallery/g3.svg"
2026-08-13T01:23:41.834666Z  INFO scan_sources: tailwindcss_oxide::scanner: Discovering "/home/z/my-project/nilov-catering/public/images/gallery/g1.svg"
2026-08-13T01:23:41.834684Z  INFO scan_sources: tailwindcss_oxide::scanner: Discovering "/home/z/my-project/nilov-catering/public/images/gallery/corporate-300.svg"
2026-08-13T01:23:41.834701Z  INFO scan_sources: tailwindcss_oxide::scanner: Discovering "/home/z/my-project/nilov-catering/public/images/gallery/dessert-table.svg"
2026-08-13T01:23:41.834725Z  INFO scan_sources: tailwindcss_oxide::scanner: Discovering "/home/z/my-project/nilov-catering/public/images/gallery/kids.svg"
2026-08-13T01:23:41.834735Z  INFO scan_sources: tailwindcss_oxide::scanner: Discovering "/home/z/my-project/nilov-catering/public/images/gallery/anniversary.svg"
2026-08-13T01:23:41.834750Z  INFO scan_sources: tailwindcss_oxide::scanner: Discovering "/home/z/my-project/nilov-catering/public/images/gallery/furshet-menu.svg"
2026-08-13T01:23:41.834760Z  INFO scan_sources: tailwindcss_oxide::scanner: Discovering "/home/z/my-project/nilov-catering/public/images/gallery/g2.svg"
2026-08-13T01:23:41.834774Z  INFO scan_sources: tailwindcss_oxide::scanner: Discovering "/home/z/my-project/nilov-catering/public/images/gallery/intimate-dinner.svg"
2026-08-13T01:23:41.834784Z  INFO scan_sources: tailwindcss_oxide::scanner: Discovering "/home/z/my-project/nilov-catering/public/images/gallery/banquet-turnkey.svg"
2026-08-13T01:23:41.834811Z  INFO scan_sources: tailwindcss_oxide::scanner: Discovering "/home/z/my-project/nilov-catering/public/images/real-search"
2026-08-13T01:23:41.834872Z  INFO scan_sources: tailwindcss_oxide::scanner: Discovering "/home/z/my-project/nilov-catering/public/images/dishes"
2026-08-13T01:23:41.834919Z  INFO scan_sources: tailwindcss_oxide::scanner: Discovering "/home/z/my-project/nilov-catering/public/images/dishes/hero-detskoe-economy.svg"
2026-08-13T01:23:41.834933Z  INFO scan_sources: tailwindcss_oxide::scanner: Discovering "/home/z/my-project/nilov-catering/public/images/dishes/drink.svg"
2026-08-13T01:23:41.834955Z  INFO scan_sources: tailwindcss_oxide::scanner: Discovering "/home/z/my-project/nilov-catering/public/images/dishes/hot.svg"
2026-08-13T01:23:41.834982Z  INFO scan_sources: tailwindcss_oxide::scanner: Discovering "/home/z/my-project/nilov-catering/public/images/dishes/hero-detskoe-premium.svg"
2026-08-13T01:23:41.834997Z  INFO scan_sources: tailwindcss_oxide::scanner: Discovering "/home/z/my-project/nilov-catering/public/images/dishes/salad.svg"
2026-08-13T01:23:41.835006Z  INFO scan_sources: tailwindcss_oxide::scanner: Discovering "/home/z/my-project/nilov-catering/public/images/dishes/hero-detskoe-standard.svg"
2026-08-13T01:23:41.835016Z  INFO scan_sources: tailwindcss_oxide::scanner: Discovering "/home/z/my-project/nilov-catering/public/images/dishes/hero-banquet-premium.svg"
2026-08-13T01:23:41.835032Z  INFO scan_sources: tailwindcss_oxide::scanner: Discovering "/home/z/my-project/nilov-catering/public/images/dishes/hero-coffee-premium.svg"
2026-08-13T01:23:41.835051Z  INFO scan_sources: tailwindcss_oxide::scanner: Discovering "/home/z/my-project/nilov-catering/public/images/dishes/hero-coffee-economy.svg"
2026-08-13T01:23:41.835060Z  INFO scan_sources: tailwindcss_oxide::scanner: Discovering "/home/z/my-project/nilov-catering/public/images/dishes/hero-furshet-premium.svg"
2026-08-13T01:23:41.835071Z  INFO scan_sources: tailwindcss_oxide::scanner: Discovering "/home/z/my-project/nilov-catering/public/images/dishes/hero-banquet-standard.svg"
2026-08-13T01:23:41.835088Z  INFO scan_sources: tailwindcss_oxide::scanner: Discovering "/home/z/my-project/nilov-catering/public/images/dishes/breakfast.svg"
2026-08-13T01:23:41.835102Z  INFO scan_sources: tailwindcss_oxide::scanner: Discovering "/home/z/my-project/nilov-catering/public/images/dishes/canape.svg"
2026-08-13T01:23:41.835114Z  INFO scan_sources: tailwindcss_oxide::scanner: Discovering "/home/z/my-project/nilov-catering/public/images/dishes/dessert.svg"
2026-08-13T01:23:41.835130Z  INFO scan_sources: tailwindcss_oxide::scanner: Discovering "/home/z/my-project/nilov-catering/public/images/dishes/hero-furshet-economy.svg"
2026-08-13T01:23:41.835146Z  INFO scan_sources: tailwindcss_oxide::scanner: Discovering "/home/z/my-project/nilov-catering/public/images/dishes/hero-banquet-economy.svg"
2026-08-13T01:23:41.835158Z  INFO scan_sources: tailwindcss_oxide::scanner: Discovering "/home/z/my-project/nilov-catering/public/images/dishes/hero-coffee-standard.svg"
2026-08-13T01:23:41.835169Z  INFO scan_sources: tailwindcss_oxide::scanner: Discovering "/home/z/my-project/nilov-catering/public/images/dishes/hero-furshet-standard.svg"
2026-08-13T01:23:41.835190Z  INFO scan_sources: tailwindcss_oxide::scanner: Discovering "/home/z/my-project/nilov-catering/public/images/menu"
2026-08-13T01:23:41.835221Z  INFO scan_sources: tailwindcss_oxide::scanner: Discovering "/home/z/my-project/nilov-catering/public/images/menu/deserty"
2026-08-13T01:23:41.835272Z  INFO scan_sources: tailwindcss_oxide::scanner: Discovering "/home/z/my-project/nilov-catering/public/images/menu/deserty/d7.svg"
2026-08-13T01:23:41.835297Z  INFO scan_sources: tailwindcss_oxide::scanner: Discovering "/home/z/my-project/nilov-catering/public/images/menu/deserty/d5.svg"
2026-08-13T01:23:41.835322Z  INFO scan_sources: tailwindcss_oxide::scanner: Discovering "/home/z/my-project/nilov-catering/public/images/menu/deserty/d3.svg"
2026-08-13T01:23:41.835337Z  INFO scan_sources: tailwindcss_oxide::scanner: Discovering "/home/z/my-project/nilov-catering/public/images/menu/deserty/d9.svg"
2026-08-13T01:23:41.835353Z  INFO scan_sources: tailwindcss_oxide::scanner: Discovering "/home/z/my-project/nilov-catering/public/images/menu/deserty/d6.svg"
2026-08-13T01:23:41.835361Z  INFO scan_sources: tailwindcss_oxide::scanner: Discovering "/home/z/my-project/nilov-catering/public/images/menu/deserty/d2.svg"
2026-08-13T01:23:41.835374Z  INFO scan_sources: tailwindcss_oxide::scanner: Discovering "/home/z/my-project/nilov-catering/public/images/menu/deserty/d4.svg"
2026-08-13T01:23:41.835392Z  INFO scan_sources: tailwindcss_oxide::scanner: Discovering "/home/z/my-project/nilov-catering/public/images/menu/deserty/d1.svg"
2026-08-13T01:23:41.835402Z  INFO scan_sources: tailwindcss_oxide::scanner: Discovering "/home/z/my-project/nilov-catering/public/images/menu/deserty/d8.svg"
2026-08-13T01:23:41.835424Z  INFO scan_sources: tailwindcss_oxide::scanner: Discovering "/home/z/my-project/nilov-catering/public/images/menu/detskoe-cover.svg"
2026-08-13T01:23:41.835435Z  INFO scan_sources: tailwindcss_oxide::scanner: Discovering "/home/z/my-project/nilov-catering/public/images/menu/banquet-cover.svg"
2026-08-13T01:23:41.835445Z  INFO scan_sources: tailwindcss_oxide::scanner: Discovering "/home/z/my-project/nilov-catering/public/images/menu/coffee-break-cover.svg"
2026-08-13T01:23:41.835459Z  INFO scan_sources: tailwindcss_oxide::scanner: Discovering "/home/z/my-project/nilov-catering/public/images/menu/goryachee"
2026-08-13T01:23:41.835503Z  INFO scan_sources: tailwindcss_oxide::scanner: Discovering "/home/z/my-project/nilov-catering/public/images/menu/goryachee/h6.svg"
2026-08-13T01:23:41.835517Z  INFO scan_sources: tailwindcss_oxide::scanner: Discovering "/home/z/my-project/nilov-catering/public/images/menu/goryachee/h5.svg"
2026-08-13T01:23:41.835536Z  INFO scan_sources: tailwindcss_oxide::scanner: Discovering "/home/z/my-project/nilov-catering/public/images/menu/goryachee/h8.svg"
2026-08-13T01:23:41.835549Z  INFO scan_sources: tailwindcss_oxide::scanner: Discovering "/home/z/my-project/nilov-catering/public/images/menu/goryachee/h7.svg"
2026-08-13T01:23:41.835565Z  INFO scan_sources: tailwindcss_oxide::scanner: Discovering "/home/z/my-project/nilov-catering/public/images/menu/goryachee/h2.svg"
2026-08-13T01:23:41.835593Z  INFO scan_sources: tailwindcss_oxide::scanner: Discovering "/home/z/my-project/nilov-catering/public/images/menu/goryachee/h4.svg"
2026-08-13T01:23:41.835624Z  INFO scan_sources: tailwindcss_oxide::scanner: Discovering "/home/z/my-project/nilov-catering/public/images/menu/goryachee/h3.svg"
2026-08-13T01:23:41.835634Z  INFO scan_sources: tailwindcss_oxide::scanner: Discovering "/home/z/my-project/nilov-catering/public/images/menu/goryachee/h1.svg"
2026-08-13T01:23:41.835655Z  INFO scan_sources: tailwindcss_oxide::scanner: Discovering "/home/z/my-project/nilov-catering/public/images/menu/bbq"
2026-08-13T01:23:41.835684Z  INFO scan_sources: tailwindcss_oxide::scanner: Discovering "/home/z/my-project/nilov-catering/public/images/menu/bbq/b5.svg"
2026-08-13T01:23:41.835697Z  INFO scan_sources: tailwindcss_oxide::scanner: Discovering "/home/z/my-project/nilov-catering/public/images/menu/bbq/b1.svg"
2026-08-13T01:23:41.835723Z  INFO scan_sources: tailwindcss_oxide::scanner: Discovering "/home/z/my-project/nilov-catering/public/images/menu/bbq/b2.svg"
2026-08-13T01:23:41.835736Z  INFO scan_sources: tailwindcss_oxide::scanner: Discovering "/home/z/my-project/nilov-catering/public/images/menu/bbq/b4.svg"
2026-08-13T01:23:41.835758Z  INFO scan_sources: tailwindcss_oxide::scanner: Discovering "/home/z/my-project/nilov-catering/public/images/menu/bbq/b3.svg"
2026-08-13T01:23:41.835776Z  INFO scan_sources: tailwindcss_oxide::scanner: Discovering "/home/z/my-project/nilov-catering/public/images/menu/napitki"
2026-08-13T01:23:41.835807Z  INFO scan_sources: tailwindcss_oxide::scanner: Discovering "/home/z/my-project/nilov-catering/public/images/menu/napitki/n1.svg"
2026-08-13T01:23:41.835824Z  INFO scan_sources: tailwindcss_oxide::scanner: Discovering "/home/z/my-project/nilov-catering/public/images/menu/napitki/n2.svg"
2026-08-13T01:23:41.835852Z  INFO scan_sources: tailwindcss_oxide::scanner: Discovering "/home/z/my-project/nilov-catering/public/images/menu/napitki/n3.svg"
2026-08-13T01:23:41.835864Z  INFO scan_sources: tailwindcss_oxide::scanner: Discovering "/home/z/my-project/nilov-catering/public/images/menu/napitki/n4.svg"
2026-08-13T01:23:41.835883Z  INFO scan_sources: tailwindcss_oxide::scanner: Discovering "/home/z/my-project/nilov-catering/public/images/menu/kanape"
2026-08-13T01:23:41.835929Z  INFO scan_sources: tailwindcss_oxide::scanner: Discovering "/home/z/my-project/nilov-catering/public/images/menu/kanape/k6.svg"
2026-08-13T01:23:41.835939Z  INFO scan_sources: tailwindcss_oxide::scanner: Discovering "/home/z/my-project/nilov-catering/public/images/menu/kanape/k7.svg"
2026-08-13T01:23:41.835950Z  INFO scan_sources: tailwindcss_oxide::scanner: Discovering "/home/z/my-project/nilov-catering/public/images/menu/kanape/k9.svg"
2026-08-13T01:23:41.835963Z  INFO scan_sources: tailwindcss_oxide::scanner: Discovering "/home/z/my-project/nilov-catering/public/images/menu/kanape/k4.svg"
2026-08-13T01:23:41.835996Z  INFO scan_sources: tailwindcss_oxide::scanner: Discovering "/home/z/my-project/nilov-catering/public/images/menu/kanape/k5.svg"
2026-08-13T01:23:41.836024Z  INFO scan_sources: tailwindcss_oxide::scanner: Discovering "/home/z/my-project/nilov-catering/public/images/menu/kanape/k1.svg"
2026-08-13T01:23:41.836033Z  INFO scan_sources: tailwindcss_oxide::scanner: Discovering "/home/z/my-project/nilov-catering/public/images/menu/kanape/k3.svg"
2026-08-13T01:23:41.836059Z  INFO scan_sources: tailwindcss_oxide::scanner: Discovering "/home/z/my-project/nilov-catering/public/images/menu/kanape/k2.svg"
2026-08-13T01:23:41.836076Z  INFO scan_sources: tailwindcss_oxide::scanner: Discovering "/home/z/my-project/nilov-catering/public/images/menu/kanape/k8.svg"
2026-08-13T01:23:41.836100Z  INFO scan_sources: tailwindcss_oxide::scanner: Discovering "/home/z/my-project/nilov-catering/public/images/menu/sezonnye"
2026-08-13T01:23:41.836140Z  INFO scan_sources: tailwindcss_oxide::scanner: Discovering "/home/z/my-project/nilov-catering/public/images/menu/sezonnye/se1.svg"
2026-08-13T01:23:41.836159Z  INFO scan_sources: tailwindcss_oxide::scanner: Discovering "/home/z/my-project/nilov-catering/public/images/menu/sezonnye/se3.svg"
2026-08-13T01:23:41.836170Z  INFO scan_sources: tailwindcss_oxide::scanner: Discovering "/home/z/my-project/nilov-catering/public/images/menu/sezonnye/se7.svg"
2026-08-13T01:23:41.836179Z  INFO scan_sources: tailwindcss_oxide::scanner: Discovering "/home/z/my-project/nilov-catering/public/images/menu/sezonnye/se6.svg"
2026-08-13T01:23:41.836201Z  INFO scan_sources: tailwindcss_oxide::scanner: Discovering "/home/z/my-project/nilov-catering/public/images/menu/sezonnye/se2.svg"
2026-08-13T01:23:41.836224Z  INFO scan_sources: tailwindcss_oxide::scanner: Discovering "/home/z/my-project/nilov-catering/public/images/menu/sezonnye/se5.svg"
2026-08-13T01:23:41.836242Z  INFO scan_sources: tailwindcss_oxide::scanner: Discovering "/home/z/my-project/nilov-catering/public/images/menu/sezonnye/se4.svg"
2026-08-13T01:23:41.836267Z  INFO scan_sources: tailwindcss_oxide::scanner: Discovering "/home/z/my-project/nilov-catering/public/images/menu/salaty"
2026-08-13T01:23:41.836303Z  INFO scan_sources: tailwindcss_oxide::scanner: Discovering "/home/z/my-project/nilov-catering/public/images/menu/salaty/s4.svg"
2026-08-13T01:23:41.836313Z  INFO scan_sources: tailwindcss_oxide::scanner: Discovering "/home/z/my-project/nilov-catering/public/images/menu/salaty/s3.svg"
2026-08-13T01:23:41.836332Z  INFO scan_sources: tailwindcss_oxide::scanner: Discovering "/home/z/my-project/nilov-catering/public/images/menu/salaty/s8.svg"
2026-08-13T01:23:41.836344Z  INFO scan_sources: tailwindcss_oxide::scanner: Discovering "/home/z/my-project/nilov-catering/public/images/menu/salaty/s5.svg"
2026-08-13T01:23:41.836360Z  INFO scan_sources: tailwindcss_oxide::scanner: Discovering "/home/z/my-project/nilov-catering/public/images/menu/salaty/s6.svg"
2026-08-13T01:23:41.836379Z  INFO scan_sources: tailwindcss_oxide::scanner: Discovering "/home/z/my-project/nilov-catering/public/images/menu/salaty/s7.svg"
2026-08-13T01:23:41.836398Z  INFO scan_sources: tailwindcss_oxide::scanner: Discovering "/home/z/my-project/nilov-catering/public/images/menu/salaty/s1.svg"
2026-08-13T01:23:41.836411Z  INFO scan_sources: tailwindcss_oxide::scanner: Discovering "/home/z/my-project/nilov-catering/public/images/menu/salaty/s2.svg"
2026-08-13T01:23:41.836434Z  INFO scan_sources: tailwindcss_oxide::scanner: Discovering "/home/z/my-project/nilov-catering/public/images/menu/salaty/s9.svg"
2026-08-13T01:23:41.836464Z  INFO scan_sources: tailwindcss_oxide::scanner: Discovering "/home/z/my-project/nilov-catering/public/images/menu/furshet-cover.svg"
2026-08-13T01:23:41.836478Z  INFO scan_sources: tailwindcss_oxide::scanner: Discovering "/home/z/my-project/nilov-catering/public/images/testimonials"
2026-08-13T01:23:41.836504Z  INFO scan_sources: tailwindcss_oxide::scanner: Discovering "/home/z/my-project/nilov-catering/public/images/testimonials/avatar6.svg"
2026-08-13T01:23:41.836515Z  INFO scan_sources: tailwindcss_oxide::scanner: Discovering "/home/z/my-project/nilov-catering/public/images/testimonials/avatar7.svg"
2026-08-13T01:23:41.836523Z  INFO scan_sources: tailwindcss_oxide::scanner: Discovering "/home/z/my-project/nilov-catering/public/images/testimonials/avatar2.svg"
2026-08-13T01:23:41.836533Z  INFO scan_sources: tailwindcss_oxide::scanner: Discovering "/home/z/my-project/nilov-catering/public/images/testimonials/avatar5.svg"
2026-08-13T01:23:41.836547Z  INFO scan_sources: tailwindcss_oxide::scanner: Discovering "/home/z/my-project/nilov-catering/public/images/testimonials/avatar4.svg"
2026-08-13T01:23:41.836556Z  INFO scan_sources: tailwindcss_oxide::scanner: Discovering "/home/z/my-project/nilov-catering/public/images/testimonials/avatar3.svg"
2026-08-13T01:23:41.836566Z  INFO scan_sources: tailwindcss_oxide::scanner: Discovering "/home/z/my-project/nilov-catering/public/images/testimonials/avatar1.svg"
2026-08-13T01:23:41.836587Z  INFO scan_sources: tailwindcss_oxide::scanner: Discovering "/home/z/my-project/nilov-catering/public/images/formats"
2026-08-13T01:23:41.836613Z  INFO scan_sources: tailwindcss_oxide::scanner: Discovering "/home/z/my-project/nilov-catering/public/images/formats/banquet-hero.svg"
2026-08-13T01:23:41.836622Z  INFO scan_sources: tailwindcss_oxide::scanner: Discovering "/home/z/my-project/nilov-catering/public/images/formats/mobile-furshet-hero.svg"
2026-08-13T01:23:41.836631Z  INFO scan_sources: tailwindcss_oxide::scanner: Discovering "/home/z/my-project/nilov-catering/public/images/formats/furshet-hero.svg"
2026-08-13T01:23:41.836640Z  INFO scan_sources: tailwindcss_oxide::scanner: Discovering "/home/z/my-project/nilov-catering/public/images/formats/chef-at-home-hero.svg"
2026-08-13T01:23:41.836650Z  INFO scan_sources: tailwindcss_oxide::scanner: Discovering "/home/z/my-project/nilov-catering/public/images/formats/coffee-break-hero.svg"
2026-08-13T01:23:41.836663Z  INFO scan_sources: tailwindcss_oxide::scanner: Discovering "/home/z/my-project/nilov-catering/public/images/formats/detskoe-hero.svg"
2026-08-13T01:23:41.836678Z  INFO scan_sources: tailwindcss_oxide::scanner: Discovering "/home/z/my-project/nilov-catering/public/images/dishes-new"
2026-08-13T01:23:41.837322Z  INFO scan_sources: tailwindcss_oxide::scanner: Discovering "/home/z/my-project/nilov-catering/public/images/team"
2026-08-13T01:23:41.837350Z  INFO scan_sources: tailwindcss_oxide::scanner: Discovering "/home/z/my-project/nilov-catering/public/images/team/b2b-manager.svg"
2026-08-13T01:23:41.837360Z  INFO scan_sources: tailwindcss_oxide::scanner: Discovering "/home/z/my-project/nilov-catering/public/images/team/pastry-chef.svg"
2026-08-13T01:23:41.837373Z  INFO scan_sources: tailwindcss_oxide::scanner: Discovering "/home/z/my-project/nilov-catering/public/images/team/manager.svg"
2026-08-13T01:23:41.837386Z  INFO scan_sources: tailwindcss_oxide::scanner: Discovering "/home/z/my-project/nilov-catering/public/images/team/coordinator.svg"
2026-08-13T01:23:41.837399Z  INFO scan_sources: tailwindcss_oxide::scanner: Discovering "/home/z/my-project/nilov-catering/public/images/team/art-director.svg"
2026-08-13T01:23:41.837408Z  INFO scan_sources: tailwindcss_oxide::scanner: Discovering "/home/z/my-project/nilov-catering/public/images/team/sommelier.svg"
2026-08-13T01:23:41.837417Z  INFO scan_sources: tailwindcss_oxide::scanner: Discovering "/home/z/my-project/nilov-catering/public/images/team/sous-chef.svg"
2026-08-13T01:23:41.837426Z  INFO scan_sources: tailwindcss_oxide::scanner: Discovering "/home/z/my-project/nilov-catering/public/images/team/chef-nilov.svg"
2026-08-13T01:23:41.837436Z  INFO scan_sources: tailwindcss_oxide::scanner: Discovering "/home/z/my-project/nilov-catering/public/images/team/safety-manager.svg"
2026-08-13T01:23:41.837453Z  INFO scan_sources: tailwindcss_oxide::scanner: Discovering "/home/z/my-project/nilov-catering/public/images/menu-preview"
2026-08-13T01:23:41.837505Z  INFO scan_sources: tailwindcss_oxide::scanner: Discovering "/home/z/my-project/nilov-catering/public/images/events"
2026-08-13T01:23:41.837528Z  INFO scan_sources: tailwindcss_oxide::scanner: Discovering "/home/z/my-project/nilov-catering/public/images/events/chef-at-home-cover.svg"
2026-08-13T01:23:41.837538Z  INFO scan_sources: tailwindcss_oxide::scanner: Discovering "/home/z/my-project/nilov-catering/public/images/events/detskoe-cover.svg"
2026-08-13T01:23:41.837547Z  INFO scan_sources: tailwindcss_oxide::scanner: Discovering "/home/z/my-project/nilov-catering/public/images/events/vypusknoy-cover.svg"
2026-08-13T01:23:41.837560Z  INFO scan_sources: tailwindcss_oxide::scanner: Discovering "/home/z/my-project/nilov-catering/public/images/events/svadba-cover.svg"
2026-08-13T01:23:41.837570Z  INFO scan_sources: tailwindcss_oxide::scanner: Discovering "/home/z/my-project/nilov-catering/public/images/events/chastnoe-cover.svg"
2026-08-13T01:23:41.837585Z  INFO scan_sources: tailwindcss_oxide::scanner: Discovering "/home/z/my-project/nilov-catering/public/images/events/korporativ-cover.svg"
2026-08-13T01:23:41.837604Z  INFO scan_sources: tailwindcss_oxide::scanner: Discovering "/home/z/my-project/nilov-catering/public/images/_placeholder-sample"
2026-08-13T01:23:41.837629Z  INFO scan_sources: tailwindcss_oxide::scanner: Discovering "/home/z/my-project/nilov-catering/public/images/_placeholder-sample/canape-live.svg"
2026-08-13T01:23:41.837642Z  INFO scan_sources: tailwindcss_oxide::scanner: Discovering "/home/z/my-project/nilov-catering/public/images/real"
2026-08-13T01:23:41.837834Z  INFO scan_sources: tailwindcss_oxide::scanner: Discovering "/home/z/my-project/nilov-catering/public/og-image.svg"
2026-08-13T01:23:41.837947Z  INFO scan_sources: tailwindcss_oxide::scanner: Discovering "/home/z/my-project/Caddyfile"
2026-08-13T01:23:41.837959Z  INFO scan_sources: tailwindcss_oxide::scanner: Discovering "/home/z/my-project/eslint.config.mjs"
2026-08-13T01:23:41.837994Z  INFO scan_sources: tailwindcss_oxide::scanner: Discovering "/home/z/my-project/examples"
2026-08-13T01:23:41.838027Z  INFO scan_sources: tailwindcss_oxide::scanner: Discovering "/home/z/my-project/examples/websocket"
2026-08-13T01:23:41.838046Z  INFO scan_sources: tailwindcss_oxide::scanner: Discovering "/home/z/my-project/examples/websocket/frontend.tsx"
2026-08-13T01:23:41.838058Z  INFO scan_sources: tailwindcss_oxide::scanner: Discovering "/home/z/my-project/examples/websocket/server.ts"
2026-08-13T01:23:41.838077Z  INFO scan_sources: tailwindcss_oxide::scanner: Discovering "/home/z/my-project/src"
2026-08-13T01:23:41.838098Z  INFO scan_sources: tailwindcss_oxide::scanner: Discovering "/home/z/my-project/src/hooks"
2026-08-13T01:23:41.838124Z  INFO scan_sources: tailwindcss_oxide::scanner: Discovering "/home/z/my-project/src/hooks/use-mobile.ts"
2026-08-13T01:23:41.838134Z  INFO scan_sources: tailwindcss_oxide::scanner: Discovering "/home/z/my-project/src/hooks/use-toast.ts"
2026-08-13T01:23:41.838149Z  INFO scan_sources: tailwindcss_oxide::scanner: Discovering "/home/z/my-project/src/lib"
2026-08-13T01:23:41.838177Z  INFO scan_sources: tailwindcss_oxide::scanner: Discovering "/home/z/my-project/src/lib/db.ts"
2026-08-13T01:23:41.838186Z  INFO scan_sources: tailwindcss_oxide::scanner: Discovering "/home/z/my-project/src/lib/utils.ts"
2026-08-13T01:23:41.838198Z  INFO scan_sources: tailwindcss_oxide::scanner: Discovering "/home/z/my-project/src/app"
2026-08-13T01:23:41.838221Z  INFO scan_sources: tailwindcss_oxide::scanner: Discovering "/home/z/my-project/src/app/api"
2026-08-13T01:23:41.838243Z  INFO scan_sources: tailwindcss_oxide::scanner: Discovering "/home/z/my-project/src/app/api/route.ts"
2026-08-13T01:23:41.838254Z  INFO scan_sources: tailwindcss_oxide::scanner: Discovering "/home/z/my-project/src/app/layout.tsx"
2026-08-13T01:23:41.838262Z  INFO scan_sources: tailwindcss_oxide::scanner: Discovering "/home/z/my-project/src/app/page.tsx"
2026-08-13T01:23:41.838271Z  INFO scan_sources: tailwindcss_oxide::scanner: Discovering "/home/z/my-project/src/app/globals.css"
2026-08-13T01:23:41.838286Z  INFO scan_sources: tailwindcss_oxide::scanner: Discovering "/home/z/my-project/src/components"
2026-08-13T01:23:41.838308Z  INFO scan_sources: tailwindcss_oxide::scanner: Discovering "/home/z/my-project/src/components/ui"
2026-08-13T01:23:41.838343Z  INFO scan_sources: tailwindcss_oxide::scanner: Discovering "/home/z/my-project/src/components/ui/radio-group.tsx"
2026-08-13T01:23:41.838354Z  INFO scan_sources: tailwindcss_oxide::scanner: Discovering "/home/z/my-project/src/components/ui/navigation-menu.tsx"
2026-08-13T01:23:41.838365Z  INFO scan_sources: tailwindcss_oxide::scanner: Discovering "/home/z/my-project/src/components/ui/table.tsx"
2026-08-13T01:23:41.838380Z  INFO scan_sources: tailwindcss_oxide::scanner: Discovering "/home/z/my-project/src/components/ui/carousel.tsx"
2026-08-13T01:23:41.838388Z  INFO scan_sources: tailwindcss_oxide::scanner: Discovering "/home/z/my-project/src/components/ui/dropdown-menu.tsx"
2026-08-13T01:23:41.838401Z  INFO scan_sources: tailwindcss_oxide::scanner: Discovering "/home/z/my-project/src/components/ui/accordion.tsx"
2026-08-13T01:23:41.838412Z  INFO scan_sources: tailwindcss_oxide::scanner: Discovering "/home/z/my-project/src/components/ui/input.tsx"
2026-08-13T01:23:41.838422Z  INFO scan_sources: tailwindcss_oxide::scanner: Discovering "/home/z/my-project/src/components/ui/sonner.tsx"
2026-08-13T01:23:41.838433Z  INFO scan_sources: tailwindcss_oxide::scanner: Discovering "/home/z/my-project/src/components/ui/toggle.tsx"
2026-08-13T01:23:41.838444Z  INFO scan_sources: tailwindcss_oxide::scanner: Discovering "/home/z/my-project/src/components/ui/label.tsx"
2026-08-13T01:23:41.838458Z  INFO scan_sources: tailwindcss_oxide::scanner: Discovering "/home/z/my-project/src/components/ui/avatar.tsx"
2026-08-13T01:23:41.838471Z  INFO scan_sources: tailwindcss_oxide::scanner: Discovering "/home/z/my-project/src/components/ui/skeleton.tsx"
2026-08-13T01:23:41.838483Z  INFO scan_sources: tailwindcss_oxide::scanner: Discovering "/home/z/my-project/src/components/ui/sheet.tsx"
2026-08-13T01:23:41.838492Z  INFO scan_sources: tailwindcss_oxide::scanner: Discovering "/home/z/my-project/src/components/ui/alert-dialog.tsx"
2026-08-13T01:23:41.838502Z  INFO scan_sources: tailwindcss_oxide::scanner: Discovering "/home/z/my-project/src/components/ui/resizable.tsx"
2026-08-13T01:23:41.838516Z  INFO scan_sources: tailwindcss_oxide::scanner: Discovering "/home/z/my-project/src/components/ui/input-otp.tsx"
2026-08-13T01:23:41.838526Z  INFO scan_sources: tailwindcss_oxide::scanner: Discovering "/home/z/my-project/src/components/ui/toggle-group.tsx"
2026-08-13T01:23:41.838535Z  INFO scan_sources: tailwindcss_oxide::scanner: Discovering "/home/z/my-project/src/components/ui/toaster.tsx"
2026-08-13T01:23:41.838543Z  INFO scan_sources: tailwindcss_oxide::scanner: Discovering "/home/z/my-project/src/components/ui/textarea.tsx"
2026-08-13T01:23:41.838551Z  INFO scan_sources: tailwindcss_oxide::scanner: Discovering "/home/z/my-project/src/components/ui/slider.tsx"
2026-08-13T01:23:41.838569Z  INFO scan_sources: tailwindcss_oxide::scanner: Discovering "/home/z/my-project/src/components/ui/aspect-ratio.tsx"
2026-08-13T01:23:41.838593Z  INFO scan_sources: tailwindcss_oxide::scanner: Discovering "/home/z/my-project/src/components/ui/chart.tsx"
2026-08-13T01:23:41.838604Z  INFO scan_sources: tailwindcss_oxide::scanner: Discovering "/home/z/my-project/src/components/ui/card.tsx"
2026-08-13T01:23:41.838611Z  INFO scan_sources: tailwindcss_oxide::scanner: Discovering "/home/z/my-project/src/components/ui/popover.tsx"
2026-08-13T01:23:41.838621Z  INFO scan_sources: tailwindcss_oxide::scanner: Discovering "/home/z/my-project/src/components/ui/alert.tsx"
2026-08-13T01:23:41.838629Z  INFO scan_sources: tailwindcss_oxide::scanner: Discovering "/home/z/my-project/src/components/ui/tabs.tsx"
2026-08-13T01:23:41.838637Z  INFO scan_sources: tailwindcss_oxide::scanner: Discovering "/home/z/my-project/src/components/ui/collapsible.tsx"
2026-08-13T01:23:41.838646Z  INFO scan_sources: tailwindcss_oxide::scanner: Discovering "/home/z/my-project/src/components/ui/form.tsx"
2026-08-13T01:23:41.838654Z  INFO scan_sources: tailwindcss_oxide::scanner: Discovering "/home/z/my-project/src/components/ui/drawer.tsx"
2026-08-13T01:23:41.838662Z  INFO scan_sources: tailwindcss_oxide::scanner: Discovering "/home/z/my-project/src/components/ui/context-menu.tsx"
2026-08-13T01:23:41.838670Z  INFO scan_sources: tailwindcss_oxide::scanner: Discovering "/home/z/my-project/src/components/ui/sidebar.tsx"
2026-08-13T01:23:41.838682Z  INFO scan_sources: tailwindcss_oxide::scanner: Discovering "/home/z/my-project/src/components/ui/pagination.tsx"
2026-08-13T01:23:41.838690Z  INFO scan_sources: tailwindcss_oxide::scanner: Discovering "/home/z/my-project/src/components/ui/toast.tsx"
2026-08-13T01:23:41.838697Z  INFO scan_sources: tailwindcss_oxide::scanner: Discovering "/home/z/my-project/src/components/ui/tooltip.tsx"
2026-08-13T01:23:41.838705Z  INFO scan_sources: tailwindcss_oxide::scanner: Discovering "/home/z/my-project/src/components/ui/command.tsx"
2026-08-13T01:23:41.838717Z  INFO scan_sources: tailwindcss_oxide::scanner: Discovering "/home/z/my-project/src/components/ui/button.tsx"
2026-08-13T01:23:41.838725Z  INFO scan_sources: tailwindcss_oxide::scanner: Discovering "/home/z/my-project/src/components/ui/menubar.tsx"
2026-08-13T01:23:41.838737Z  INFO scan_sources: tailwindcss_oxide::scanner: Discovering "/home/z/my-project/src/components/ui/select.tsx"
2026-08-13T01:23:41.838745Z  INFO scan_sources: tailwindcss_oxide::scanner: Discovering "/home/z/my-project/src/components/ui/progress.tsx"
2026-08-13T01:23:41.838753Z  INFO scan_sources: tailwindcss_oxide::scanner: Discovering "/home/z/my-project/src/components/ui/switch.tsx"
2026-08-13T01:23:41.838761Z  INFO scan_sources: tailwindcss_oxide::scanner: Discovering "/home/z/my-project/src/components/ui/calendar.tsx"
2026-08-13T01:23:41.838769Z  INFO scan_sources: tailwindcss_oxide::scanner: Discovering "/home/z/my-project/src/components/ui/scroll-area.tsx"
2026-08-13T01:23:41.838777Z  INFO scan_sources: tailwindcss_oxide::scanner: Discovering "/home/z/my-project/src/components/ui/checkbox.tsx"
2026-08-13T01:23:41.838789Z  INFO scan_sources: tailwindcss_oxide::scanner: Discovering "/home/z/my-project/src/components/ui/breadcrumb.tsx"
2026-08-13T01:23:41.838798Z  INFO scan_sources: tailwindcss_oxide::scanner: Discovering "/home/z/my-project/src/components/ui/badge.tsx"
2026-08-13T01:23:41.838806Z  INFO scan_sources: tailwindcss_oxide::scanner: Discovering "/home/z/my-project/src/components/ui/separator.tsx"
2026-08-13T01:23:41.838814Z  INFO scan_sources: tailwindcss_oxide::scanner: Discovering "/home/z/my-project/src/components/ui/hover-card.tsx"
2026-08-13T01:23:41.838822Z  INFO scan_sources: tailwindcss_oxide::scanner: Discovering "/home/z/my-project/src/components/ui/dialog.tsx"
2026-08-13T01:23:41.838856Z  INFO scan_sources: tailwindcss_oxide::scanner: Discovering "/home/z/my-project/mini-services"
2026-08-13T01:23:41.838881Z  INFO scan_sources: tailwindcss_oxide::scanner: Discovering "/home/z/my-project/mini-services/.gitkeep"
2026-08-13T01:23:41.838903Z  INFO scan_sources: tailwindcss_oxide::scanner: Discovering "/home/z/my-project/.clawhub"
2026-08-13T01:23:41.838927Z  INFO scan_sources: tailwindcss_oxide::scanner: Discovering "/home/z/my-project/.clawhub/lock.json"
2026-08-13T01:23:41.838944Z  INFO scan_sources: tailwindcss_oxide::scanner: Discovering "/home/z/my-project/tests"
2026-08-13T01:23:41.838967Z  INFO scan_sources: tailwindcss_oxide::scanner: Discovering "/home/z/my-project/tests/python-runtime-container.sh"
2026-08-13T01:23:41.838990Z  INFO scan_sources: tailwindcss_oxide::scanner: Discovering "/home/z/my-project/tests/database-runtime-build.sh"
2026-08-13T01:23:41.839002Z  INFO scan_sources: tailwindcss_oxide::scanner: Discovering "/home/z/my-project/tests/python-runtime-build.sh"
2026-08-13T01:23:41.839020Z  INFO scan_sources: tailwindcss_oxide::scanner: Discovering "/home/z/my-project/postcss.config.mjs"
2026-08-13T01:23:41.839030Z  INFO scan_sources: tailwindcss_oxide::scanner: Discovering "/home/z/my-project/download"
2026-08-13T01:23:41.839049Z  INFO scan_sources: tailwindcss_oxide::scanner: Discovering "/home/z/my-project/download/README.md"
2026-08-13T01:23:41.839082Z  INFO scan_sources: tailwindcss_oxide::scanner: Discovering "/home/z/my-project/tool-results"
2026-08-13T01:23:41.839110Z  INFO scan_sources: tailwindcss_oxide::scanner: Discovering "/home/z/my-project/tool-results/read_1786576513857_baff04520c95.txt"
2026-08-13T01:23:41.839119Z  INFO scan_sources: tailwindcss_oxide::scanner: Discovering "/home/z/my-project/tool-results/bash_1786568526611_fcee6e269061.txt"
2026-08-13T01:23:41.839132Z  INFO scan_sources: tailwindcss_oxide::scanner: Discovering "/home/z/my-project/tool-results/read_1786573159652_e5641dd476a9.txt"
2026-08-13T01:23:41.839140Z  INFO scan_sources: tailwindcss_oxide::scanner: Discovering "/home/z/my-project/tool-results/spb-catering-competitors.json"
2026-08-13T01:23:41.839150Z  INFO scan_sources: tailwindcss_oxide::scanner: Discovering "/home/z/my-project/tool-results/read_1786583243038_5305fa1e5229.txt"
2026-08-13T01:23:41.839159Z  INFO scan_sources: tailwindcss_oxide::scanner: Discovering "/home/z/my-project/tool-results/grep_1786574044258_633ca5f4e77a.txt"
2026-08-13T01:23:41.839167Z  INFO scan_sources: tailwindcss_oxide::scanner: Discovering "/home/z/my-project/tool-results/read_1786583338389_6906b69139ce.txt"
2026-08-13T01:23:41.839179Z  INFO scan_sources: tailwindcss_oxide::scanner: Discovering "/home/z/my-project/tool-results/read_1786574039834_0eec86369258.txt"
2026-08-13T01:23:41.839189Z  INFO scan_sources: tailwindcss_oxide::scanner: Discovering "/home/z/my-project/tool-results/read_1786574047414_45ea37702793.txt"
2026-08-13T01:23:41.839197Z  INFO scan_sources: tailwindcss_oxide::scanner: Discovering "/home/z/my-project/tool-results/read_1786576608597_ca65e9e543bb.txt"
2026-08-13T01:23:41.839205Z  INFO scan_sources: tailwindcss_oxide::scanner: Discovering "/home/z/my-project/tool-results/bash_1786569997622_d2456dc51b2f.txt"
2026-08-13T01:23:41.839213Z  INFO scan_sources: tailwindcss_oxide::scanner: Discovering "/home/z/my-project/tool-results/bash_1786570588451_0917628f0f7b.txt"
2026-08-13T01:23:41.839221Z  INFO scan_sources: tailwindcss_oxide::scanner: Discovering "/home/z/my-project/tool-results/grep_1786574050550_7fdad4f57a91.txt"
2026-08-13T01:23:41.839229Z  INFO scan_sources: tailwindcss_oxide::scanner: Discovering "/home/z/my-project/tool-results/read_1786583315204_6906b69139ce.txt"
2026-08-13T01:23:41.839242Z  INFO scan_sources: tailwindcss_oxide::scanner: Discovering "/home/z/my-project/tool-results/read_1786577044647_961e1e8ee544.txt"
2026-08-13T01:23:41.839250Z  INFO scan_sources: tailwindcss_oxide::scanner: Discovering "/home/z/my-project/tool-results/luxury-trends.json"
2026-08-13T01:23:41.839258Z  INFO scan_sources: tailwindcss_oxide::scanner: Discovering "/home/z/my-project/tool-results/read_1786569133355_d412a6351e27.txt"
2026-08-13T01:23:41.839267Z  INFO scan_sources: tailwindcss_oxide::scanner: Discovering "/home/z/my-project/tool-results/read_1786579612663_71b2fcfbecab.txt"
2026-08-13T01:23:41.839279Z  INFO scan_sources: tailwindcss_oxide::scanner: Discovering "/home/z/my-project/tool-results/read_1786583309827_176344afafb1.txt"
2026-08-13T01:23:41.839287Z  INFO scan_sources: tailwindcss_oxide::scanner: Discovering "/home/z/my-project/tool-results/read_1786583323049_176344afafb1.txt"
2026-08-13T01:23:41.839299Z  INFO scan_sources: tailwindcss_oxide::scanner: Discovering "/home/z/my-project/tool-results/read_1786574037137_e65b0689e2ae.txt"
2026-08-13T01:23:41.839306Z  INFO scan_sources: tailwindcss_oxide::scanner: Discovering "/home/z/my-project/tool-results/read_1786583331114_176344afafb1.txt"
2026-08-13T01:23:41.839315Z  INFO scan_sources: tailwindcss_oxide::scanner: Discovering "/home/z/my-project/tool-results/read_1786576491983_baff04520c95.txt"
2026-08-13T01:23:41.839323Z  INFO scan_sources: tailwindcss_oxide::scanner: Discovering "/home/z/my-project/tool-results/bash_1786569131978_bbf1cdea3272.txt"
2026-08-13T01:23:41.839331Z  INFO scan_sources: tailwindcss_oxide::scanner: Discovering "/home/z/my-project/tool-results/read_1786577064083_961e1e8ee544.txt"
2026-08-13T01:23:41.839340Z  INFO scan_sources: tailwindcss_oxide::scanner: Discovering "/home/z/my-project/tool-results/bash_1786571227203_5fce661ecee7.txt"
2026-08-13T01:23:41.839352Z  INFO scan_sources: tailwindcss_oxide::scanner: Discovering "/home/z/my-project/tool-results/read_1786577045953_961e1e8ee544.txt"
2026-08-13T01:23:41.839361Z  INFO scan_sources: tailwindcss_oxide::scanner: Discovering "/home/z/my-project/tool-results/grep_1786574044546_f0b9b9070d2b.txt"
2026-08-13T01:23:41.839370Z  INFO scan_sources: tailwindcss_oxide::scanner: Discovering "/home/z/my-project/tool-results/read_1786573157542_a91e99f27daa.txt"
2026-08-13T01:23:41.839378Z  INFO scan_sources: tailwindcss_oxide::scanner: Discovering "/home/z/my-project/tool-results/bash_1786568043575_fcee6e269061.txt"
2026-08-13T01:23:41.839396Z  INFO scan_sources: tailwindcss_oxide::scanner: Discovering "/home/z/my-project/.zscripts"
2026-08-13T01:23:41.839424Z  INFO scan_sources: tailwindcss_oxide::scanner: Discovering "/home/z/my-project/.zscripts/dev.pid"
2026-08-13T01:23:41.839432Z  INFO scan_sources: tailwindcss_oxide::scanner: Discovering "/home/z/my-project/.zscripts/mini-services-build.sh"
2026-08-13T01:23:41.839443Z  INFO scan_sources: tailwindcss_oxide::scanner: Discovering "/home/z/my-project/.zscripts/build.sh"
2026-08-13T01:23:41.839463Z  INFO scan_sources: tailwindcss_oxide::scanner: Discovering "/home/z/my-project/.zscripts/mini-services-start.sh"
2026-08-13T01:23:41.839474Z  INFO scan_sources: tailwindcss_oxide::scanner: Discovering "/home/z/my-project/.zscripts/database-runtime-build.sh"
2026-08-13T01:23:41.839485Z  INFO scan_sources: tailwindcss_oxide::scanner: Discovering "/home/z/my-project/.zscripts/dev.sh"
2026-08-13T01:23:41.839493Z  INFO scan_sources: tailwindcss_oxide::scanner: Discovering "/home/z/my-project/.zscripts/mini-services-install.sh"
2026-08-13T01:23:41.839501Z  INFO scan_sources: tailwindcss_oxide::scanner: Discovering "/home/z/my-project/.zscripts/python-runtime-build.sh"
2026-08-13T01:23:41.839511Z  INFO scan_sources: tailwindcss_oxide::scanner: Discovering "/home/z/my-project/.zscripts/start.sh"
2026-08-13T01:23:41.839539Z  INFO scan_sources: tailwindcss_oxide::scanner: Discovering "/home/z/my-project/tsconfig.json"
2026-08-13T01:23:41.839593Z  INFO scan_sources: tailwindcss_oxide::scanner: Discovering "/home/z/my-project/package.json"
2026-08-13T01:23:41.839621Z  INFO scan_sources: tailwindcss_oxide::scanner: Discovering "/home/z/my-project/worklog.md"
2026-08-13T01:23:41.839646Z  INFO scan_sources: tailwindcss_oxide::scanner: Discovering "/home/z/my-project/next.config.ts"
2026-08-13T01:23:41.839658Z  INFO scan_sources: tailwindcss_oxide::scanner: Discovering "/home/z/my-project/public"
2026-08-13T01:23:41.839677Z  INFO scan_sources: tailwindcss_oxide::scanner: Discovering "/home/z/my-project/public/robots.txt"
2026-08-13T01:23:41.839689Z  INFO scan_sources: tailwindcss_oxide::scanner: Discovering "/home/z/my-project/public/logo.svg"
2026-08-13T01:23:41.839705Z  INFO scan_sources: tailwindcss_oxide::scanner: Discovering "/home/z/my-project/tailwind.config.ts"
2026-08-13T01:23:41.839759Z  INFO scan_sources: tailwindcss_oxide::scanner: exit
2026-08-13T01:23:41.839767Z  INFO extract_candidates: tailwindcss_oxide::scanner: enter
2026-08-13T01:23:41.839788Z  INFO extract_candidates:read_all_files: tailwindcss_oxide::scanner: enter
2026-08-13T01:23:41.839790Z  INFO extract_candidates:read_all_files: tailwindcss_oxide::scanner: Reading 746 file(s)
2026-08-13T01:23:41.840163Z  INFO tailwindcss_oxide::scanner: Reading "/home/z/my-project/prisma/schema.prisma"
2026-08-13T01:23:41.840190Z  INFO tailwindcss_oxide::scanner: Reading "/home/z/my-project/components.json"
2026-08-13T01:23:41.840204Z  INFO tailwindcss_oxide::scanner: Reading "/home/z/my-project/nilov-catering/components.json"
2026-08-13T01:23:41.840212Z  INFO tailwindcss_oxide::scanner: Reading "/home/z/my-project/nilov-catering/.env"
2026-08-13T01:23:41.840206Z  INFO tailwindcss_oxide::scanner: Reading "/home/z/my-project/nilov-catering/research/STRUCTURE/21B_LOGIC_AUDIT_WAVE2.md"
2026-08-13T01:23:41.840273Z  INFO tailwindcss_oxide::scanner: Reading "/home/z/my-project/nilov-catering/research/STRUCTURE/20_CRITIC_RESULTS.md"
2026-08-13T01:23:41.840341Z  INFO tailwindcss_oxide::scanner: Reading "/home/z/my-project/nilov-catering/research/STRUCTURE/29_DEVICECRITIC.md"
2026-08-13T01:23:41.840361Z  INFO tailwindcss_oxide::scanner: Reading "/home/z/my-project/nilov-catering/research/STRUCTURE/33_UXSIM_GOSHA.md"
2026-08-13T01:23:41.840368Z  INFO tailwindcss_oxide::scanner: Reading "/home/z/my-project/nilov-catering/PRODUCT_BLUEPRINT_V3.md"
2026-08-13T01:23:41.840397Z  INFO tailwindcss_oxide::scanner: Reading "/home/z/my-project/nilov-catering/research/STRUCTURE/ITER3_RECHECK_SERVICE.md"
2026-08-13T01:23:41.840422Z  INFO tailwindcss_oxide::scanner: Reading "/home/z/my-project/nilov-catering/research/STRUCTURE/CRITIC_W1_C2_MOTION.md"
2026-08-13T01:23:41.840446Z  INFO tailwindcss_oxide::scanner: Reading "/home/z/my-project/nilov-catering/research/STRUCTURE/ITER2_04BLOCKS_CHANGES.md"
2026-08-13T01:23:41.840458Z  INFO tailwindcss_oxide::scanner: Reading "/home/z/my-project/nilov-catering/research/STRUCTURE/ITER3_RECHECK_BRAND.md"
2026-08-13T01:23:41.840491Z  INFO tailwindcss_oxide::scanner: Reading "/home/z/my-project/nilov-catering/research/STRUCTURE/ITER4_FIXES_SERVICE.md"
2026-08-13T01:23:41.840500Z  INFO tailwindcss_oxide::scanner: Reading "/home/z/my-project/nilov-catering/research/STRUCTURE/CRITIC_W4_C3_IA.md"
2026-08-13T01:23:41.840529Z  INFO tailwindcss_oxide::scanner: Reading "/home/z/my-project/nilov-catering/research/STRUCTURE/25_MENU_UX_CRITIC.md"
2026-08-13T01:23:41.840566Z  INFO tailwindcss_oxide::scanner: Reading "/home/z/my-project/nilov-catering/research/STRUCTURE/ITER5_RECHECK_SERVICE.md"
2026-08-13T01:23:41.840618Z  INFO tailwindcss_oxide::scanner: Reading "/home/z/my-project/nilov-catering/research/STRUCTURE/07_CALCULATOR_SPEC.md"
2026-08-13T01:23:41.840664Z  INFO tailwindcss_oxide::scanner: Reading "/home/z/my-project/nilov-catering/research/STRUCTURE/02_IA.md"
2026-08-13T01:23:41.840705Z  INFO tailwindcss_oxide::scanner: Reading "/home/z/my-project/nilov-catering/research/STRUCTURE/CRITIC_W2_C4_BLOCKS.md"
2026-08-13T01:23:41.840727Z  INFO tailwindcss_oxide::scanner: Reading "/home/z/my-project/nilov-catering/research/STRUCTURE/CRITIC_COMMISSION_12_ARTDIRECTOR.md"
2026-08-13T01:23:41.840761Z  INFO tailwindcss_oxide::scanner: Reading "/home/z/my-project/nilov-catering/RESEARCH_CATERING_SITES_2026.md"
2026-08-13T01:23:41.840783Z  INFO tailwindcss_oxide::scanner: Reading "/home/z/my-project/nilov-catering/research/STRUCTURE/CRITIC_COMMISSION_30_ANIMATIONENG.md"
2026-08-13T01:23:41.840825Z  INFO tailwindcss_oxide::scanner: Reading "/home/z/my-project/nilov-catering/research/STRUCTURE/33_UXSIM_SERGEY.md"
2026-08-13T01:23:41.840826Z  INFO tailwindcss_oxide::scanner: Reading "/home/z/my-project/nilov-catering/hooks/useDeliveryCart.ts"
2026-08-13T01:23:41.840837Z  INFO tailwindcss_oxide::scanner: Reading "/home/z/my-project/nilov-catering/research/STRUCTURE/ITER2_NEWSPECS_CHANGES.md"
2026-08-13T01:23:41.840862Z  INFO tailwindcss_oxide::scanner: Reading "/home/z/my-project/nilov-catering/hooks/useCalculator.ts"
2026-08-13T01:23:41.840869Z  INFO tailwindcss_oxide::scanner: Reading "/home/z/my-project/nilov-catering/research/STRUCTURE/25_MENUCRITIC_FINAL.md"
2026-08-13T01:23:41.840876Z  INFO tailwindcss_oxide::scanner: Reading "/home/z/my-project/nilov-catering/hooks/useConstructor.ts"
2026-08-13T01:23:41.840887Z  INFO tailwindcss_oxide::scanner: Reading "/home/z/my-project/nilov-catering/research/STRUCTURE/CRITIC_COMMISSION_17_MOBILEUX.md"
2026-08-13T01:23:41.840889Z  INFO tailwindcss_oxide::scanner: Reading "/home/z/my-project/nilov-catering/hooks/useFocusTrap.ts"
2026-08-13T01:23:41.840898Z  INFO tailwindcss_oxide::scanner: Reading "/home/z/my-project/nilov-catering/.nvmrc"
2026-08-13T01:23:41.840906Z  INFO tailwindcss_oxide::scanner: Reading "/home/z/my-project/nilov-catering/eslint.config.mjs"
2026-08-13T01:23:41.840919Z  INFO tailwindcss_oxide::scanner: Reading "/home/z/my-project/nilov-catering/lib/fonts.ts"
2026-08-13T01:23:41.840927Z  INFO tailwindcss_oxide::scanner: Reading "/home/z/my-project/nilov-catering/research/STRUCTURE/ITER4_FIXES_BRAND.md"
2026-08-13T01:23:41.840930Z  INFO tailwindcss_oxide::scanner: Reading "/home/z/my-project/nilov-catering/lib/video.ts"
2026-08-13T01:23:41.840942Z  INFO tailwindcss_oxide::scanner: Reading "/home/z/my-project/nilov-catering/research/STRUCTURE/CRITIC_COMMISSION_06_LANDING.md"
2026-08-13T01:23:41.840954Z  INFO tailwindcss_oxide::scanner: Reading "/home/z/my-project/nilov-catering/lib/menu-data.ts"
2026-08-13T01:23:41.841020Z  INFO tailwindcss_oxide::scanner: Reading "/home/z/my-project/nilov-catering/research/STRUCTURE/CRITIC_COMMISSION_01_UXRESEARCH.md"
2026-08-13T01:23:41.841030Z  INFO tailwindcss_oxide::scanner: Reading "/home/z/my-project/nilov-catering/lib/schemas.ts"
2026-08-13T01:23:41.841043Z  INFO tailwindcss_oxide::scanner: Reading "/home/z/my-project/nilov-catering/lib/types.ts"
2026-08-13T01:23:41.841057Z  INFO tailwindcss_oxide::scanner: Reading "/home/z/my-project/nilov-catering/lib/dish-images.ts"
2026-08-13T01:23:41.841070Z  INFO tailwindcss_oxide::scanner: Reading "/home/z/my-project/nilov-catering/research/STRUCTURE/33_UXSIM_YULIA.md"
2026-08-13T01:23:41.841087Z  INFO tailwindcss_oxide::scanner: Reading "/home/z/my-project/nilov-catering/research/STRUCTURE/ITER8_RECHECK_A11Y.md"
2026-08-13T01:23:41.841102Z  INFO tailwindcss_oxide::scanner: Reading "/home/z/my-project/nilov-catering/research/STRUCTURE/CRITIC_W3_C8_COHERENCE.md"
2026-08-13T01:23:41.841121Z  INFO tailwindcss_oxide::scanner: Reading "/home/z/my-project/nilov-catering/research/STRUCTURE/CRITIC_W7_C2_MOTION.md"
2026-08-13T01:23:41.841125Z  INFO tailwindcss_oxide::scanner: Reading "/home/z/my-project/nilov-catering/lib/tariff-offers.ts"
2026-08-13T01:23:41.841142Z  INFO tailwindcss_oxide::scanner: Reading "/home/z/my-project/nilov-catering/research/STRUCTURE/47_COHERENCE_AUDIT.md"
2026-08-13T01:23:41.841154Z  INFO tailwindcss_oxide::scanner: Reading "/home/z/my-project/nilov-catering/research/STRUCTURE/15_REPO_AUDIT.md"
2026-08-13T01:23:41.841186Z  INFO tailwindcss_oxide::scanner: Reading "/home/z/my-project/nilov-catering/research/STRUCTURE/CRITIC_COMMISSION_28_MOTION.md"
2026-08-13T01:23:41.841203Z  INFO tailwindcss_oxide::scanner: Reading "/home/z/my-project/nilov-catering/lib/constants.ts"
2026-08-13T01:23:41.841214Z  INFO tailwindcss_oxide::scanner: Reading "/home/z/my-project/nilov-catering/lib/icon-map.ts"
2026-08-13T01:23:41.841225Z  INFO tailwindcss_oxide::scanner: Reading "/home/z/my-project/nilov-catering/research/STRUCTURE/40_BRAND_VOICE.md"
2026-08-13T01:23:41.841227Z  INFO tailwindcss_oxide::scanner: Reading "/home/z/my-project/nilov-catering/lib/get-dishes.ts"
2026-08-13T01:23:41.841237Z  INFO tailwindcss_oxide::scanner: Reading "/home/z/my-project/nilov-catering/lib/pricing.ts"
2026-08-13T01:23:41.841256Z  INFO tailwindcss_oxide::scanner: Reading "/home/z/my-project/nilov-catering/lib/data.ts"
2026-08-13T01:23:41.841257Z  INFO tailwindcss_oxide::scanner: Reading "/home/z/my-project/nilov-catering/research/STRUCTURE/ITER4_FIXES_TRUST.md"
2026-08-13T01:23:41.841266Z  INFO tailwindcss_oxide::scanner: Reading "/home/z/my-project/nilov-catering/lib/pricing-context.tsx"
2026-08-13T01:23:41.841273Z  INFO tailwindcss_oxide::scanner: Reading "/home/z/my-project/nilov-catering/research/STRUCTURE/CRITIC_W4_C6_TRUST.md"
2026-08-13T01:23:41.841276Z  INFO tailwindcss_oxide::scanner: Reading "/home/z/my-project/nilov-catering/lib/content.ts"
2026-08-13T01:23:41.841287Z  INFO tailwindcss_oxide::scanner: Reading "/home/z/my-project/nilov-catering/lib/pricing-types.ts"
2026-08-13T01:23:41.841289Z  INFO tailwindcss_oxide::scanner: Reading "/home/z/my-project/nilov-catering/research/STRUCTURE/CRITIC_W4_C5_UX.md"
2026-08-13T01:23:41.841297Z  INFO tailwindcss_oxide::scanner: Reading "/home/z/my-project/nilov-catering/lib/cms.ts"
2026-08-13T01:23:41.841311Z  INFO tailwindcss_oxide::scanner: Reading "/home/z/my-project/nilov-catering/lib/cms-media-schema.ts"
2026-08-13T01:23:41.841319Z  INFO tailwindcss_oxide::scanner: Reading "/home/z/my-project/nilov-catering/lib/cms-store.ts"
2026-08-13T01:23:41.841326Z  INFO tailwindcss_oxide::scanner: Reading "/home/z/my-project/nilov-catering/lib/service-spec.ts"
2026-08-13T01:23:41.841334Z  INFO tailwindcss_oxide::scanner: Reading "/home/z/my-project/nilov-catering/README.md"
2026-08-13T01:23:41.841345Z  INFO tailwindcss_oxide::scanner: Reading "/home/z/my-project/nilov-catering/pnpm-workspace.yaml"
2026-08-13T01:23:41.841357Z  INFO tailwindcss_oxide::scanner: Reading "/home/z/my-project/nilov-catering/app/thank-you/page.tsx"
2026-08-13T01:23:41.841369Z  INFO tailwindcss_oxide::scanner: Reading "/home/z/my-project/nilov-catering/app/sitemap.ts"
2026-08-13T01:23:41.841382Z  INFO tailwindcss_oxide::scanner: Reading "/home/z/my-project/nilov-catering/app/blog/[slug]/page.tsx"
2026-08-13T01:23:41.841390Z  INFO tailwindcss_oxide::scanner: Reading "/home/z/my-project/nilov-catering/app/blog/page.tsx"
2026-08-13T01:23:41.841397Z  INFO tailwindcss_oxide::scanner: Reading "/home/z/my-project/nilov-catering/research/STRUCTURE/05_BUILD.md"
2026-08-13T01:23:41.841402Z  INFO tailwindcss_oxide::scanner: Reading "/home/z/my-project/nilov-catering/app/robots.ts"
2026-08-13T01:23:41.841414Z  INFO tailwindcss_oxide::scanner: Reading "/home/z/my-project/nilov-catering/app/info/degustatsiya/page.tsx"
2026-08-13T01:23:41.841424Z  INFO tailwindcss_oxide::scanner: Reading "/home/z/my-project/nilov-catering/research/STRUCTURE/33_UXSIM_MAX.md"
2026-08-13T01:23:41.841434Z  INFO tailwindcss_oxide::scanner: Reading "/home/z/my-project/nilov-catering/app/allergens/page.tsx"
2026-08-13T01:23:41.841450Z  INFO tailwindcss_oxide::scanner: Reading "/home/z/my-project/nilov-catering/app/plan/helper/page.tsx"
2026-08-13T01:23:41.841456Z  INFO tailwindcss_oxide::scanner: Reading "/home/z/my-project/nilov-catering/research/STRUCTURE/ITER7_FINAL_RECHECK.md"
2026-08-13T01:23:41.841471Z  INFO tailwindcss_oxide::scanner: Reading "/home/z/my-project/nilov-catering/app/plan/page.tsx"
2026-08-13T01:23:41.841479Z  INFO tailwindcss_oxide::scanner: Reading "/home/z/my-project/nilov-catering/research/STRUCTURE/33_UXSIM_PETYA.md"
2026-08-13T01:23:41.841486Z  INFO tailwindcss_oxide::scanner: Reading "/home/z/my-project/nilov-catering/app/plan/calculator/page.tsx"
2026-08-13T01:23:41.841495Z  INFO tailwindcss_oxide::scanner: Reading "/home/z/my-project/nilov-catering/app/plan/assistant/page.tsx"
2026-08-13T01:23:41.841506Z  INFO tailwindcss_oxide::scanner: Reading "/home/z/my-project/nilov-catering/research/STRUCTURE/CRITIC_C2_MOTION_RECHECK.md"
2026-08-13T01:23:41.841523Z  INFO tailwindcss_oxide::scanner: Reading "/home/z/my-project/nilov-catering/app/plan/constructor/page.tsx"
2026-08-13T01:23:41.841547Z  INFO tailwindcss_oxide::scanner: Reading "/home/z/my-project/nilov-catering/research/STRUCTURE/ITER8_RECHECK_AI.md"
2026-08-13T01:23:41.841555Z  INFO tailwindcss_oxide::scanner: Reading "/home/z/my-project/nilov-catering/app/offer/page.tsx"
2026-08-13T01:23:41.841599Z  INFO tailwindcss_oxide::scanner: Reading "/home/z/my-project/nilov-catering/research/STRUCTURE/06_TOKENS.md"
2026-08-13T01:23:41.841601Z  INFO tailwindcss_oxide::scanner: Reading "/home/z/my-project/nilov-catering/app/certificates/page.tsx"
2026-08-13T01:23:41.841632Z  INFO tailwindcss_oxide::scanner: Reading "/home/z/my-project/nilov-catering/app/media-kit/page.tsx"
2026-08-13T01:23:41.841648Z  INFO tailwindcss_oxide::scanner: Reading "/home/z/my-project/nilov-catering/app/admin/[collection]/page.tsx"
2026-08-13T01:23:41.841653Z  INFO tailwindcss_oxide::scanner: Reading "/home/z/my-project/nilov-catering/research/STRUCTURE/CRITIC_W3_C7_TECH.md"
2026-08-13T01:23:41.841657Z  INFO tailwindcss_oxide::scanner: Reading "/home/z/my-project/nilov-catering/app/admin/layout.tsx"
2026-08-13T01:23:41.841664Z  INFO tailwindcss_oxide::scanner: Reading "/home/z/my-project/nilov-catering/app/admin/page.tsx"
2026-08-13T01:23:41.841672Z  INFO tailwindcss_oxide::scanner: Reading "/home/z/my-project/nilov-catering/app/icon.tsx"
2026-08-13T01:23:41.841683Z  INFO tailwindcss_oxide::scanner: Reading "/home/z/my-project/nilov-catering/app/help/formats/page.tsx"
2026-08-13T01:23:41.841697Z  INFO tailwindcss_oxide::scanner: Reading "/home/z/my-project/nilov-catering/app/api/quote/route.ts"
2026-08-13T01:23:41.841710Z  INFO tailwindcss_oxide::scanner: Reading "/home/z/my-project/nilov-catering/app/api/admin/route.ts"
2026-08-13T01:23:41.841719Z  INFO tailwindcss_oxide::scanner: Reading "/home/z/my-project/nilov-catering/app/api/health/route.ts"
2026-08-13T01:23:41.841720Z  INFO tailwindcss_oxide::scanner: Reading "/home/z/my-project/nilov-catering/research/STRUCTURE/CRITIC_COMMISSION_03_CRO.md"
2026-08-13T01:23:41.841730Z  INFO tailwindcss_oxide::scanner: Reading "/home/z/my-project/nilov-catering/app/api/cms/[collection]/route.ts"
2026-08-13T01:23:41.841740Z  INFO tailwindcss_oxide::scanner: Reading "/home/z/my-project/nilov-catering/app/api/calculate/route.ts"
2026-08-13T01:23:41.841758Z  INFO tailwindcss_oxide::scanner: Reading "/home/z/my-project/nilov-catering/app/api/templates/[doc]/route.tsx"
2026-08-13T01:23:41.841765Z  INFO tailwindcss_oxide::scanner: Reading "/home/z/my-project/nilov-catering/research/STRUCTURE/33_UXSIM_ZHANNA.md"
2026-08-13T01:23:41.841781Z  INFO tailwindcss_oxide::scanner: Reading "/home/z/my-project/nilov-catering/research/STRUCTURE/33_UXSIM_MARINA.md"
2026-08-13T01:23:41.841785Z  INFO tailwindcss_oxide::scanner: Reading "/home/z/my-project/nilov-catering/app/api/contact/route.ts"
2026-08-13T01:23:41.841798Z  INFO tailwindcss_oxide::scanner: Reading "/home/z/my-project/nilov-catering/app/api/newsletter/route.ts"
2026-08-13T01:23:41.841800Z  INFO tailwindcss_oxide::scanner: Reading "/home/z/my-project/nilov-catering/research/STRUCTURE/CRITIC_COMMISSION_MASTER.md"
2026-08-13T01:23:41.841810Z  INFO tailwindcss_oxide::scanner: Reading "/home/z/my-project/nilov-catering/app/reviews/ReviewsMasonry.tsx"
2026-08-13T01:23:41.841819Z  INFO tailwindcss_oxide::scanner: Reading "/home/z/my-project/nilov-catering/research/STRUCTURE/33_UXSIM_WEDAGENCY.md"
2026-08-13T01:23:41.841832Z  INFO tailwindcss_oxide::scanner: Reading "/home/z/my-project/nilov-catering/app/reviews/page.tsx"
2026-08-13T01:23:41.841835Z  INFO tailwindcss_oxide::scanner: Reading "/home/z/my-project/nilov-catering/research/STRUCTURE/ITER3_A11Y.md"
2026-08-13T01:23:41.841849Z  INFO tailwindcss_oxide::scanner: Reading "/home/z/my-project/nilov-catering/app/cookies/page.tsx"
2026-08-13T01:23:41.841854Z  INFO tailwindcss_oxide::scanner: Reading "/home/z/my-project/nilov-catering/research/STRUCTURE/24_MENU_CRITIC.md"
2026-08-13T01:23:41.841860Z  INFO tailwindcss_oxide::scanner: Reading "/home/z/my-project/nilov-catering/app/gallery/layout.tsx"
2026-08-13T01:23:41.841873Z  INFO tailwindcss_oxide::scanner: Reading "/home/z/my-project/nilov-catering/app/gallery/page.tsx"
2026-08-13T01:23:41.841885Z  INFO tailwindcss_oxide::scanner: Reading "/home/z/my-project/nilov-catering/app/layout.tsx"
2026-08-13T01:23:41.841898Z  INFO tailwindcss_oxide::scanner: Reading "/home/z/my-project/nilov-catering/research/STRUCTURE/ITER3_FIXES_04TOKENS.md"
2026-08-13T01:23:41.841905Z  INFO tailwindcss_oxide::scanner: Reading "/home/z/my-project/nilov-catering/app/pricing/pdf/route.ts"
2026-08-13T01:23:41.841933Z  INFO tailwindcss_oxide::scanner: Reading "/home/z/my-project/nilov-catering/app/pricing/page.tsx"
2026-08-13T01:23:41.841933Z  INFO tailwindcss_oxide::scanner: Reading "/home/z/my-project/nilov-catering/research/STRUCTURE/CRITIC_COMMISSION_14_A11Y.md"
2026-08-13T01:23:41.841955Z  INFO tailwindcss_oxide::scanner: Reading "/home/z/my-project/nilov-catering/app/seasonal/bbq/page.tsx"
2026-08-13T01:23:41.841970Z  INFO tailwindcss_oxide::scanner: Reading "/home/z/my-project/nilov-catering/research/STRUCTURE/17_MEDIA_DIRECTION.md"
2026-08-13T01:23:41.841973Z  INFO tailwindcss_oxide::scanner: Reading "/home/z/my-project/nilov-catering/app/seasonal/page.tsx"
2026-08-13T01:23:41.842014Z  INFO tailwindcss_oxide::scanner: Reading "/home/z/my-project/nilov-catering/research/STRUCTURE/ITER4_RECHECK_AI.md"
2026-08-13T01:23:41.842015Z  INFO tailwindcss_oxide::scanner: Reading "/home/z/my-project/nilov-catering/app/seasonal/maslenitsa/page.tsx"
2026-08-13T01:23:41.842026Z  INFO tailwindcss_oxide::scanner: Reading "/home/z/my-project/nilov-catering/app/seasonal/new-year/page.tsx"
2026-08-13T01:23:41.842047Z  INFO tailwindcss_oxide::scanner: Reading "/home/z/my-project/nilov-catering/research/STRUCTURE/ITER8_RECHECK_TRUST.md"
2026-08-13T01:23:41.842064Z  INFO tailwindcss_oxide::scanner: Reading "/home/z/my-project/nilov-catering/app/menu/bar/page.tsx"
2026-08-13T01:23:41.842084Z  INFO tailwindcss_oxide::scanner: Reading "/home/z/my-project/nilov-catering/app/menu/gluten-free/layout.tsx"
2026-08-13T01:23:41.842085Z  INFO tailwindcss_oxide::scanner: Reading "/home/z/my-project/nilov-catering/research/STRUCTURE/ITER3_RECHECK_AI.md"
2026-08-13T01:23:41.842117Z  INFO tailwindcss_oxide::scanner: Reading "/home/z/my-project/nilov-catering/app/menu/gluten-free/page.tsx"
2026-08-13T01:23:41.842121Z  INFO tailwindcss_oxide::scanner: Reading "/home/z/my-project/nilov-catering/research/STRUCTURE/CRITIC_COMMISSION_25_AIUX.md"
2026-08-13T01:23:41.842143Z  INFO tailwindcss_oxide::scanner: Reading "/home/z/my-project/nilov-catering/app/menu/vegan/layout.tsx"
2026-08-13T01:23:41.842156Z  INFO tailwindcss_oxide::scanner: Reading "/home/z/my-project/nilov-catering/research/STRUCTURE/ITER5_RECHECK_A11Y.md"
2026-08-13T01:23:41.842162Z  INFO tailwindcss_oxide::scanner: Reading "/home/z/my-project/nilov-catering/app/menu/vegan/page.tsx"
2026-08-13T01:23:41.842173Z  INFO tailwindcss_oxide::scanner: Reading "/home/z/my-project/nilov-catering/app/menu/catalog/layout.tsx"
2026-08-13T01:23:41.842183Z  INFO tailwindcss_oxide::scanner: Reading "/home/z/my-project/nilov-catering/research/STRUCTURE/31_CODEREALITY_CRITIC.md"
2026-08-13T01:23:41.842196Z  INFO tailwindcss_oxide::scanner: Reading "/home/z/my-project/nilov-catering/app/menu/catalog/page.tsx"
2026-08-13T01:23:41.842200Z  INFO tailwindcss_oxide::scanner: Reading "/home/z/my-project/nilov-catering/research/STRUCTURE/ASSET_INVENTORY.md"
2026-08-13T01:23:41.842218Z  INFO tailwindcss_oxide::scanner: Reading "/home/z/my-project/nilov-catering/app/menu/halal/layout.tsx"
2026-08-13T01:23:41.842223Z  INFO tailwindcss_oxide::scanner: Reading "/home/z/my-project/nilov-catering/research/STRUCTURE/19B_CRITIC_REPORT.md"
2026-08-13T01:23:41.842243Z  INFO tailwindcss_oxide::scanner: Reading "/home/z/my-project/nilov-catering/app/menu/halal/page.tsx"
2026-08-13T01:23:41.842255Z  INFO tailwindcss_oxide::scanner: Reading "/home/z/my-project/nilov-catering/research/STRUCTURE/FACTCHECK_REPORT.md"
2026-08-13T01:23:41.842267Z  INFO tailwindcss_oxide::scanner: Reading "/home/z/my-project/nilov-catering/app/menu/furshet/layout.tsx"
2026-08-13T01:23:41.842277Z  INFO tailwindcss_oxide::scanner: Reading "/home/z/my-project/nilov-catering/app/menu/furshet/page.tsx"
2026-08-13T01:23:41.842284Z  INFO tailwindcss_oxide::scanner: Reading "/home/z/my-project/nilov-catering/research/STRUCTURE/42_NAV_UX_AUDIT.md"
2026-08-13T01:23:41.842291Z  INFO tailwindcss_oxide::scanner: Reading "/home/z/my-project/nilov-catering/app/menu/detskoe/layout.tsx"
2026-08-13T01:23:41.842301Z  INFO tailwindcss_oxide::scanner: Reading "/home/z/my-project/nilov-catering/research/STRUCTURE/32_UX_PERSONAS.md"
2026-08-13T01:23:41.842305Z  INFO tailwindcss_oxide::scanner: Reading "/home/z/my-project/nilov-catering/app/menu/detskoe/page.tsx"
2026-08-13T01:23:41.842319Z  INFO tailwindcss_oxide::scanner: Reading "/home/z/my-project/nilov-catering/app/menu/layout.tsx"
2026-08-13T01:23:41.842328Z  INFO tailwindcss_oxide::scanner: Reading "/home/z/my-project/nilov-catering/research/STRUCTURE/CRITIC_COMMISSION_23_LOCAL.md"
2026-08-13T01:23:41.842332Z  INFO tailwindcss_oxide::scanner: Reading "/home/z/my-project/nilov-catering/app/menu/coffee-break/layout.tsx"
2026-08-13T01:23:41.842343Z  INFO tailwindcss_oxide::scanner: Reading "/home/z/my-project/nilov-catering/app/menu/coffee-break/page.tsx"
2026-08-13T01:23:41.842354Z  INFO tailwindcss_oxide::scanner: Reading "/home/z/my-project/nilov-catering/app/menu/show-cooking/page.tsx"
2026-08-13T01:23:41.842366Z  INFO tailwindcss_oxide::scanner: Reading "/home/z/my-project/nilov-catering/app/menu/page.tsx"
2026-08-13T01:23:41.842383Z  INFO tailwindcss_oxide::scanner: Reading "/home/z/my-project/nilov-catering/research/STRUCTURE/ITER4_RECHECK_TRUST.md"
2026-08-13T01:23:41.842406Z  INFO tailwindcss_oxide::scanner: Reading "/home/z/my-project/nilov-catering/app/menu/[format]/pdf/route.ts"
2026-08-13T01:23:41.842422Z  INFO tailwindcss_oxide::scanner: Reading "/home/z/my-project/nilov-catering/research/STRUCTURE/ITER3_TRUST.md"
2026-08-13T01:23:41.842434Z  INFO tailwindcss_oxide::scanner: Reading "/home/z/my-project/nilov-catering/app/menu/banquet/layout.tsx"
2026-08-13T01:23:41.842441Z  INFO tailwindcss_oxide::scanner: Reading "/home/z/my-project/nilov-catering/research/STRUCTURE/30_HOSTING_CRITIC.md"
2026-08-13T01:23:41.842446Z  INFO tailwindcss_oxide::scanner: Reading "/home/z/my-project/nilov-catering/app/menu/banquet/page.tsx"
2026-08-13T01:23:41.842457Z  INFO tailwindcss_oxide::scanner: Reading "/home/z/my-project/nilov-catering/app/page.tsx"
2026-08-13T01:23:41.842465Z  INFO tailwindcss_oxide::scanner: Reading "/home/z/my-project/nilov-catering/research/STRUCTURE/18_CRITIC_SYSTEM.md"
2026-08-13T01:23:41.842472Z  INFO tailwindcss_oxide::scanner: Reading "/home/z/my-project/nilov-catering/app/subscribe/page.tsx"
2026-08-13T01:23:41.842492Z  INFO tailwindcss_oxide::scanner: Reading "/home/z/my-project/nilov-catering/app/not-found.tsx"
2026-08-13T01:23:41.842492Z  INFO tailwindcss_oxide::scanner: Reading "/home/z/my-project/nilov-catering/research/STRUCTURE/36_DESIGN_RUBRIC.md"
2026-08-13T01:23:41.842503Z  INFO tailwindcss_oxide::scanner: Reading "/home/z/my-project/nilov-catering/app/venues/page.tsx"
2026-08-13T01:23:41.842505Z  INFO tailwindcss_oxide::scanner: Reading "/home/z/my-project/nilov-catering/research/STRUCTURE/17_IA_CRITIC.md"
2026-08-13T01:23:41.842514Z  INFO tailwindcss_oxide::scanner: Reading "/home/z/my-project/nilov-catering/app/careers/page.tsx"
2026-08-13T01:23:41.842523Z  INFO tailwindcss_oxide::scanner: Reading "/home/z/my-project/nilov-catering/research/STRUCTURE/19_BLOCK_CRITICS.md"
2026-08-13T01:23:41.842527Z  INFO tailwindcss_oxide::scanner: Reading "/home/z/my-project/nilov-catering/app/team/page.tsx"
2026-08-13T01:23:41.842535Z  INFO tailwindcss_oxide::scanner: Reading "/home/z/my-project/nilov-catering/app/opengraph-image.tsx"
2026-08-13T01:23:41.842550Z  INFO tailwindcss_oxide::scanner: Reading "/home/z/my-project/nilov-catering/app/why-us/page.tsx"
2026-08-13T01:23:41.842551Z  INFO tailwindcss_oxide::scanner: Reading "/home/z/my-project/nilov-catering/research/STRUCTURE/30_REVIEWS_CRITIC.md"
2026-08-13T01:23:41.842573Z  INFO tailwindcss_oxide::scanner: Reading "/home/z/my-project/nilov-catering/research/STRUCTURE/33_UXSIM_DARYA.md"
2026-08-13T01:23:41.842609Z  INFO tailwindcss_oxide::scanner: Reading "/home/z/my-project/nilov-catering/app/why-us/WhyUsContent.tsx"
2026-08-13T01:23:41.842611Z  INFO tailwindcss_oxide::scanner: Reading "/home/z/my-project/nilov-catering/research/STRUCTURE/37_MOTIONCRITIC_A_SPEC.md"
2026-08-13T01:23:41.842645Z  INFO tailwindcss_oxide::scanner: Reading "/home/z/my-project/nilov-catering/research/STRUCTURE/CRITIC_CMS_CMO_REPORT.md"
2026-08-13T01:23:41.842666Z  INFO tailwindcss_oxide::scanner: Reading "/home/z/my-project/nilov-catering/app/account/orders/page.tsx"
2026-08-13T01:23:41.842677Z  INFO tailwindcss_oxide::scanner: Reading "/home/z/my-project/nilov-catering/research/STRUCTURE/CRITIC_COMMISSION_02_UIDESIGNER.md"
2026-08-13T01:23:41.842677Z  INFO tailwindcss_oxide::scanner: Reading "/home/z/my-project/nilov-catering/app/privacy/page.tsx"
2026-08-13T01:23:41.842690Z  INFO tailwindcss_oxide::scanner: Reading "/home/z/my-project/nilov-catering/app/delivery/page.tsx"
2026-08-13T01:23:41.842700Z  INFO tailwindcss_oxide::scanner: Reading "/home/z/my-project/nilov-catering/app/delivery/order/layout.tsx"
2026-08-13T01:23:41.842717Z  INFO tailwindcss_oxide::scanner: Reading "/home/z/my-project/nilov-catering/research/STRUCTURE/34_UX_SUMMARY.md"
2026-08-13T01:23:41.842730Z  INFO tailwindcss_oxide::scanner: Reading "/home/z/my-project/nilov-catering/research/STRUCTURE/CODE_REALITY_BACKLOG.md"
2026-08-13T01:23:41.842735Z  INFO tailwindcss_oxide::scanner: Reading "/home/z/my-project/nilov-catering/app/delivery/order/page.tsx"
2026-08-13T01:23:41.842760Z  INFO tailwindcss_oxide::scanner: Reading "/home/z/my-project/nilov-catering/research/STRUCTURE/33_UXSIM_OLGA.md"
2026-08-13T01:23:41.842768Z  INFO tailwindcss_oxide::scanner: Reading "/home/z/my-project/nilov-catering/app/en/layout.tsx"
2026-08-13T01:23:41.842778Z  INFO tailwindcss_oxide::scanner: Reading "/home/z/my-project/nilov-catering/app/en/page.tsx"
2026-08-13T01:23:41.842787Z  INFO tailwindcss_oxide::scanner: Reading "/home/z/my-project/nilov-catering/app/en/EnLangFix.tsx"
2026-08-13T01:23:41.842801Z  INFO tailwindcss_oxide::scanner: Reading "/home/z/my-project/nilov-catering/app/partners/page.tsx"
2026-08-13T01:23:41.842810Z  INFO tailwindcss_oxide::scanner: Reading "/home/z/my-project/nilov-catering/research/NILOV_UNIFIED_MENU.md"
2026-08-13T01:23:41.842811Z  INFO tailwindcss_oxide::scanner: Reading "/home/z/my-project/nilov-catering/app/accessibility/page.tsx"
2026-08-13T01:23:41.842825Z  INFO tailwindcss_oxide::scanner: Reading "/home/z/my-project/nilov-catering/app/contact/layout.tsx"
2026-08-13T01:23:41.842836Z  INFO tailwindcss_oxide::scanner: Reading "/home/z/my-project/nilov-catering/app/contact/page.tsx"
2026-08-13T01:23:41.842845Z  INFO tailwindcss_oxide::scanner: Reading "/home/z/my-project/nilov-catering/app/JsonLd.tsx"
2026-08-13T01:23:41.842869Z  INFO tailwindcss_oxide::scanner: Reading "/home/z/my-project/nilov-catering/app/faq/page.tsx"
2026-08-13T01:23:41.842880Z  INFO tailwindcss_oxide::scanner: Reading "/home/z/my-project/nilov-catering/research/01_furshet_menu_data.md"
2026-08-13T01:23:41.842892Z  INFO tailwindcss_oxide::scanner: Reading "/home/z/my-project/nilov-catering/research/01_interfood_full_data.md"
2026-08-13T01:23:41.842898Z  INFO tailwindcss_oxide::scanner: Reading "/home/z/my-project/nilov-catering/app/terms/page.tsx"
2026-08-13T01:23:41.842908Z  INFO tailwindcss_oxide::scanner: Reading "/home/z/my-project/nilov-catering/research/FINAL_RESEARCH_DOCUMENT.md"
2026-08-13T01:23:41.842918Z  INFO tailwindcss_oxide::scanner: Reading "/home/z/my-project/nilov-catering/app/tasting/page.tsx"
2026-08-13T01:23:41.842943Z  INFO tailwindcss_oxide::scanner: Reading "/home/z/my-project/nilov-catering/app/events/detskoe/page.tsx"
2026-08-13T01:23:41.842953Z  INFO tailwindcss_oxide::scanner: Reading "/home/z/my-project/nilov-catering/app/events/chef-at-home/page.tsx"
2026-08-13T01:23:41.842986Z  INFO tailwindcss_oxide::scanner: Reading "/home/z/my-project/nilov-catering/research/FACTCHECK_REPORT_2026-07-20.md"
2026-08-13T01:23:41.842996Z  INFO tailwindcss_oxide::scanner: Reading "/home/z/my-project/nilov-catering/app/events/svadba/page.tsx"
2026-08-13T01:23:41.843015Z  INFO tailwindcss_oxide::scanner: Reading "/home/z/my-project/nilov-catering/research/MENU_UX_BENCHMARK_2026.md"
2026-08-13T01:23:41.843027Z  INFO tailwindcss_oxide::scanner: Reading "/home/z/my-project/nilov-catering/app/events/recap/page.tsx"
2026-08-13T01:23:41.843036Z  INFO tailwindcss_oxide::scanner: Reading "/home/z/my-project/nilov-catering/app/events/layout.tsx"
2026-08-13T01:23:41.843050Z  INFO tailwindcss_oxide::scanner: Reading "/home/z/my-project/nilov-catering/app/events/korporativ/page.tsx"
2026-08-13T01:23:41.843062Z  INFO tailwindcss_oxide::scanner: Reading "/home/z/my-project/nilov-catering/package.json"
2026-08-13T01:23:41.843072Z  INFO tailwindcss_oxide::scanner: Reading "/home/z/my-project/nilov-catering/.githooks/pre-commit"
2026-08-13T01:23:41.843079Z  INFO tailwindcss_oxide::scanner: Reading "/home/z/my-project/nilov-catering/.hermes.md"
2026-08-13T01:23:41.843084Z  INFO tailwindcss_oxide::scanner: Reading "/home/z/my-project/nilov-catering/app/events/pominki/page.tsx"
2026-08-13T01:23:41.843086Z  INFO tailwindcss_oxide::scanner: Reading "/home/z/my-project/nilov-catering/AGENTS.md"
2026-08-13T01:23:41.843093Z  INFO tailwindcss_oxide::scanner: Reading "/home/z/my-project/nilov-catering/next-env.d.ts"
2026-08-13T01:23:41.843100Z  INFO tailwindcss_oxide::scanner: Reading "/home/z/my-project/nilov-catering/next.config.ts"
2026-08-13T01:23:41.843111Z  INFO tailwindcss_oxide::scanner: Reading "/home/z/my-project/nilov-catering/public/placeholders/addon-eco.svg"
2026-08-13T01:23:41.843119Z  INFO tailwindcss_oxide::scanner: Reading "/home/z/my-project/nilov-catering/public/placeholders/addon-kids-show.svg"
2026-08-13T01:23:41.843124Z  INFO tailwindcss_oxide::scanner: Reading "/home/z/my-project/nilov-catering/app/events/page.tsx"
2026-08-13T01:23:41.843125Z  INFO tailwindcss_oxide::scanner: Reading "/home/z/my-project/nilov-catering/public/placeholders/video-recap-4.svg"
2026-08-13T01:23:41.843134Z  INFO tailwindcss_oxide::scanner: Reading "/home/z/my-project/nilov-catering/public/placeholders/video-showcase-1.svg"
2026-08-13T01:23:41.843138Z  INFO tailwindcss_oxide::scanner: Reading "/home/z/my-project/nilov-catering/app/events/vypusknoy/page.tsx"
2026-08-13T01:23:41.843140Z  INFO tailwindcss_oxide::scanner: Reading "/home/z/my-project/nilov-catering/public/placeholders/hero-banket.svg"
2026-08-13T01:23:41.843147Z  INFO tailwindcss_oxide::scanner: Reading "/home/z/my-project/nilov-catering/public/placeholders/addon-pyramid.svg"
2026-08-13T01:23:41.843151Z  INFO tailwindcss_oxide::scanner: Reading "/home/z/my-project/nilov-catering/app/events/yubiley/page.tsx"
2026-08-13T01:23:41.843153Z  INFO tailwindcss_oxide::scanner: Reading "/home/z/my-project/nilov-catering/public/placeholders/addon-face-paint.svg"
2026-08-13T01:23:41.843164Z  INFO tailwindcss_oxide::scanner: Reading "/home/z/my-project/nilov-catering/public/placeholders/hero-detskoe.svg"
2026-08-13T01:23:41.843165Z  INFO tailwindcss_oxide::scanner: Reading "/home/z/my-project/nilov-catering/app/events/chastnoe/page.tsx"
2026-08-13T01:23:41.843171Z  INFO tailwindcss_oxide::scanner: Reading "/home/z/my-project/nilov-catering/public/placeholders/addon-cake.svg"
2026-08-13T01:23:41.843178Z  INFO tailwindcss_oxide::scanner: Reading "/home/z/my-project/nilov-catering/public/placeholders/video-recap-3.svg"
2026-08-13T01:23:41.843177Z  INFO tailwindcss_oxide::scanner: Reading "/home/z/my-project/nilov-catering/app/events/nikah/page.tsx"
2026-08-13T01:23:41.843183Z  INFO tailwindcss_oxide::scanner: Reading "/home/z/my-project/nilov-catering/public/placeholders/addon-fountain.svg"
2026-08-13T01:23:41.843190Z  INFO tailwindcss_oxide::scanner: Reading "/home/z/my-project/nilov-catering/public/placeholders/addon-florist.svg"
2026-08-13T01:23:41.843194Z  INFO tailwindcss_oxide::scanner: Reading "/home/z/my-project/nilov-catering/postcss.config.mjs"
2026-08-13T01:23:41.843196Z  INFO tailwindcss_oxide::scanner: Reading "/home/z/my-project/nilov-catering/public/placeholders/addon-sommelier.svg"
2026-08-13T01:23:41.843207Z  INFO tailwindcss_oxide::scanner: Reading "/home/z/my-project/nilov-catering/public/placeholders/hero-coffee-break.svg"
2026-08-13T01:23:41.843216Z  INFO tailwindcss_oxide::scanner: Reading "/home/z/my-project/nilov-catering/public/placeholders/hero-mobile-furshet.svg"
2026-08-13T01:23:41.843222Z  INFO tailwindcss_oxide::scanner: Reading "/home/z/my-project/nilov-catering/public/placeholders/hero-chef-at-home.svg"
2026-08-13T01:23:41.843227Z  INFO tailwindcss_oxide::scanner: Reading "/home/z/my-project/nilov-catering/public/placeholders/addon-video.svg"
2026-08-13T01:23:41.843231Z  INFO tailwindcss_oxide::scanner: Reading "/home/z/my-project/nilov-catering/public/placeholders/hero-furshet.svg"
2026-08-13T01:23:41.843236Z  INFO tailwindcss_oxide::scanner: Reading "/home/z/my-project/nilov-catering/public/placeholders/addon-photo-zone.svg"
2026-08-13T01:23:41.843241Z  INFO tailwindcss_oxide::scanner: Reading "/home/z/my-project/nilov-catering/public/placeholders/addon-masterclass.svg"
2026-08-13T01:23:41.843244Z  INFO tailwindcss_oxide::scanner: Reading "/home/z/my-project/nilov-catering/NILOV_UNIFIED_MENU.md"
2026-08-13T01:23:41.843248Z  INFO tailwindcss_oxide::scanner: Reading "/home/z/my-project/nilov-catering/public/placeholders/addon-animator.svg"
2026-08-13T01:23:41.843254Z  INFO tailwindcss_oxide::scanner: Reading "/home/z/my-project/nilov-catering/public/placeholders/addon-bartender.svg"
2026-08-13T01:23:41.843259Z  INFO tailwindcss_oxide::scanner: Reading "/home/z/my-project/nilov-catering/public/placeholders/video-recap-2.svg"
2026-08-13T01:23:41.843265Z  INFO tailwindcss_oxide::scanner: Reading "/home/z/my-project/nilov-catering/public/placeholders/addon-show-station.svg"
2026-08-13T01:23:41.843272Z  INFO tailwindcss_oxide::scanner: Reading "/home/z/my-project/nilov-catering/public/placeholders/hero-poster.svg"
2026-08-13T01:23:41.843277Z  INFO tailwindcss_oxide::scanner: Reading "/home/z/my-project/nilov-catering/public/placeholders/video-recap-1.svg"
2026-08-13T01:23:41.843284Z  INFO tailwindcss_oxide::scanner: Reading "/home/z/my-project/nilov-catering/public/apple-touch-icon.svg"
2026-08-13T01:23:41.843288Z  INFO tailwindcss_oxide::scanner: Reading "/home/z/my-project/nilov-catering/public/next.svg"
2026-08-13T01:23:41.843296Z  INFO tailwindcss_oxide::scanner: Reading "/home/z/my-project/nilov-catering/public/llms.txt"
2026-08-13T01:23:41.843301Z  INFO tailwindcss_oxide::scanner: Reading "/home/z/my-project/nilov-catering/public/sw.js"
2026-08-13T01:23:41.843307Z  INFO tailwindcss_oxide::scanner: Reading "/home/z/my-project/nilov-catering/public/robots.txt"
2026-08-13T01:23:41.843313Z  INFO tailwindcss_oxide::scanner: Reading "/home/z/my-project/nilov-catering/public/window.svg"
2026-08-13T01:23:41.843318Z  INFO tailwindcss_oxide::scanner: Reading "/home/z/my-project/nilov-catering/public/file.svg"
2026-08-13T01:23:41.843328Z  INFO tailwindcss_oxide::scanner: Reading "/home/z/my-project/nilov-catering/public/uploads/.gitkeep"
2026-08-13T01:23:41.843341Z  INFO tailwindcss_oxide::scanner: Reading "/home/z/my-project/nilov-catering/public/globe.svg"
2026-08-13T01:23:41.843349Z  INFO tailwindcss_oxide::scanner: Reading "/home/z/my-project/nilov-catering/public/press-kit/press-release-2026.html"
2026-08-13T01:23:41.843349Z  INFO tailwindcss_oxide::scanner: Reading "/home/z/my-project/nilov-catering/data/pricing.json"
2026-08-13T01:23:41.843357Z  INFO tailwindcss_oxide::scanner: Reading "/home/z/my-project/nilov-catering/public/press-kit/nilov-logo.svg"
2026-08-13T01:23:41.843362Z  INFO tailwindcss_oxide::scanner: Reading "/home/z/my-project/nilov-catering/data/reviews.json"
2026-08-13T01:23:41.843363Z  INFO tailwindcss_oxide::scanner: Reading "/home/z/my-project/nilov-catering/public/vercel.svg"
2026-08-13T01:23:41.843372Z  INFO tailwindcss_oxide::scanner: Reading "/home/z/my-project/nilov-catering/public/images/restaurant/kitchen.svg"
2026-08-13T01:23:41.843384Z  INFO tailwindcss_oxide::scanner: Reading "/home/z/my-project/nilov-catering/public/images/hero/corporate.jpg.svg"
2026-08-13T01:23:41.843394Z  INFO tailwindcss_oxide::scanner: Reading "/home/z/my-project/nilov-catering/public/images/hero/poster.svg"
2026-08-13T01:23:41.843397Z  INFO tailwindcss_oxide::scanner: Reading "/home/z/my-project/nilov-catering/data/dishes.json"
2026-08-13T01:23:41.843402Z  INFO tailwindcss_oxide::scanner: Reading "/home/z/my-project/nilov-catering/public/images/hero/wedding.jpg.svg"
2026-08-13T01:23:41.843409Z  INFO tailwindcss_oxide::scanner: Reading "/home/z/my-project/nilov-catering/data/content.json"
2026-08-13T01:23:41.843410Z  INFO tailwindcss_oxide::scanner: Reading "/home/z/my-project/nilov-catering/public/images/hero/banquet.jpg.svg"
2026-08-13T01:23:41.843418Z  INFO tailwindcss_oxide::scanner: Reading "/home/z/my-project/nilov-catering/public/images/hero/catering-hero.svg"
2026-08-13T01:23:41.843424Z  INFO tailwindcss_oxide::scanner: Reading "/home/z/my-project/nilov-catering/public/images/hero/catering-hero.jpg.svg"
2026-08-13T01:23:41.843432Z  INFO tailwindcss_oxide::scanner: Reading "/home/z/my-project/nilov-catering/public/images/gallery/g4.svg"
2026-08-13T01:23:41.843432Z  INFO tailwindcss_oxide::scanner: Reading "/home/z/my-project/nilov-catering/data/videos.json"
2026-08-13T01:23:41.843442Z  INFO tailwindcss_oxide::scanner: Reading "/home/z/my-project/nilov-catering/public/images/gallery/servirovka.svg"
2026-08-13T01:23:41.843446Z  INFO tailwindcss_oxide::scanner: Reading "/home/z/my-project/nilov-catering/data/page-texts.json"
2026-08-13T01:23:41.843450Z  INFO tailwindcss_oxide::scanner: Reading "/home/z/my-project/nilov-catering/public/images/gallery/wedding-120.svg"
2026-08-13T01:23:41.843458Z  INFO tailwindcss_oxide::scanner: Reading "/home/z/my-project/nilov-catering/public/images/gallery/banket.svg"
2026-08-13T01:23:41.843462Z  INFO tailwindcss_oxide::scanner: Reading "/home/z/my-project/nilov-catering/data/catalog.json"
2026-08-13T01:23:41.843464Z  INFO tailwindcss_oxide::scanner: Reading "/home/z/my-project/nilov-catering/public/images/gallery/show-station.svg"
2026-08-13T01:23:41.843471Z  INFO tailwindcss_oxide::scanner: Reading "/home/z/my-project/nilov-catering/public/images/gallery/g6.svg"
2026-08-13T01:23:41.843476Z  INFO tailwindcss_oxide::scanner: Reading "/home/z/my-project/nilov-catering/public/images/gallery/wedding-banquet.svg"
2026-08-13T01:23:41.843483Z  INFO tailwindcss_oxide::scanner: Reading "/home/z/my-project/nilov-catering/public/images/gallery/g5.svg"
2026-08-13T01:23:41.843487Z  INFO tailwindcss_oxide::scanner: Reading "/home/z/my-project/nilov-catering/data/addons.json"
2026-08-13T01:23:41.843490Z  INFO tailwindcss_oxide::scanner: Reading "/home/z/my-project/nilov-catering/public/images/gallery/chef-at-home.svg"
2026-08-13T01:23:41.843502Z  INFO tailwindcss_oxide::scanner: Reading "/home/z/my-project/nilov-catering/public/images/gallery/cocktail.svg"
2026-08-13T01:23:41.843504Z  INFO tailwindcss_oxide::scanner: Reading "/home/z/my-project/nilov-catering/data/trust-proof.json"
2026-08-13T01:23:41.843509Z  INFO tailwindcss_oxide::scanner: Reading "/home/z/my-project/nilov-catering/public/images/gallery/corporate-furshet.svg"
2026-08-13T01:23:41.843516Z  INFO tailwindcss_oxide::scanner: Reading "/home/z/my-project/nilov-catering/public/images/gallery/g3.svg"
2026-08-13T01:23:41.843519Z  INFO tailwindcss_oxide::scanner: Reading "/home/z/my-project/nilov-catering/PROJECT_PROTECTION.md"
2026-08-13T01:23:41.843522Z  INFO tailwindcss_oxide::scanner: Reading "/home/z/my-project/nilov-catering/public/images/gallery/g1.svg"
2026-08-13T01:23:41.843529Z  INFO tailwindcss_oxide::scanner: Reading "/home/z/my-project/nilov-catering/public/images/gallery/corporate-300.svg"
2026-08-13T01:23:41.843536Z  INFO tailwindcss_oxide::scanner: Reading "/home/z/my-project/nilov-catering/public/images/gallery/dessert-table.svg"
2026-08-13T01:23:41.843544Z  INFO tailwindcss_oxide::scanner: Reading "/home/z/my-project/nilov-catering/public/images/gallery/kids.svg"
2026-08-13T01:23:41.843554Z  INFO tailwindcss_oxide::scanner: Reading "/home/z/my-project/nilov-catering/public/images/gallery/anniversary.svg"
2026-08-13T01:23:41.843558Z  INFO tailwindcss_oxide::scanner: Reading "/home/z/my-project/nilov-catering/.github/workflows/external-critics.yml"
2026-08-13T01:23:41.843562Z  INFO tailwindcss_oxide::scanner: Reading "/home/z/my-project/nilov-catering/public/images/gallery/furshet-menu.svg"
2026-08-13T01:23:41.843569Z  INFO tailwindcss_oxide::scanner: Reading "/home/z/my-project/nilov-catering/public/images/gallery/g2.svg"
2026-08-13T01:23:41.843575Z  INFO tailwindcss_oxide::scanner: Reading "/home/z/my-project/nilov-catering/public/images/gallery/intimate-dinner.svg"
2026-08-13T01:23:41.843587Z  INFO tailwindcss_oxide::scanner: Reading "/home/z/my-project/nilov-catering/public/images/gallery/banquet-turnkey.svg"
2026-08-13T01:23:41.843596Z  INFO tailwindcss_oxide::scanner: Reading "/home/z/my-project/nilov-catering/public/images/dishes/hero-detskoe-economy.svg"
2026-08-13T01:23:41.843597Z  INFO tailwindcss_oxide::scanner: Reading "/home/z/my-project/nilov-catering/.github/workflows/vercel-deploy.yml"
2026-08-13T01:23:41.843603Z  INFO tailwindcss_oxide::scanner: Reading "/home/z/my-project/nilov-catering/public/images/dishes/drink.svg"
2026-08-13T01:23:41.843610Z  INFO tailwindcss_oxide::scanner: Reading "/home/z/my-project/nilov-catering/.github/workflows/block-force-push.yml"
2026-08-13T01:23:41.843613Z  INFO tailwindcss_oxide::scanner: Reading "/home/z/my-project/nilov-catering/public/images/dishes/hot.svg"
2026-08-13T01:23:41.843620Z  INFO tailwindcss_oxide::scanner: Reading "/home/z/my-project/nilov-catering/.github/workflows/fact-gate.yml"
2026-08-13T01:23:41.843621Z  INFO tailwindcss_oxide::scanner: Reading "/home/z/my-project/nilov-catering/public/images/dishes/hero-detskoe-premium.svg"
2026-08-13T01:23:41.843629Z  INFO tailwindcss_oxide::scanner: Reading "/home/z/my-project/nilov-catering/public/images/dishes/salad.svg"
2026-08-13T01:23:41.843634Z  INFO tailwindcss_oxide::scanner: Reading "/home/z/my-project/nilov-catering/components/blocks/FAQTeaser.tsx"
2026-08-13T01:23:41.843635Z  INFO tailwindcss_oxide::scanner: Reading "/home/z/my-project/nilov-catering/public/images/dishes/hero-detskoe-standard.svg"
2026-08-13T01:23:41.843644Z  INFO tailwindcss_oxide::scanner: Reading "/home/z/my-project/nilov-catering/public/images/dishes/hero-banquet-premium.svg"
2026-08-13T01:23:41.843649Z  INFO tailwindcss_oxide::scanner: Reading "/home/z/my-project/nilov-catering/components/blocks/TrustBlock.tsx"
2026-08-13T01:23:41.843650Z  INFO tailwindcss_oxide::scanner: Reading "/home/z/my-project/nilov-catering/public/images/dishes/hero-coffee-premium.svg"
2026-08-13T01:23:41.843660Z  INFO tailwindcss_oxide::scanner: Reading "/home/z/my-project/nilov-catering/public/images/dishes/hero-coffee-economy.svg"
2026-08-13T01:23:41.843662Z  INFO tailwindcss_oxide::scanner: Reading "/home/z/my-project/nilov-catering/components/blocks/InspireStrip.tsx"
2026-08-13T01:23:41.843669Z  INFO tailwindcss_oxide::scanner: Reading "/home/z/my-project/nilov-catering/public/images/dishes/hero-furshet-premium.svg"
2026-08-13T01:23:41.843676Z  INFO tailwindcss_oxide::scanner: Reading "/home/z/my-project/nilov-catering/components/blocks/WowCase.tsx"
2026-08-13T01:23:41.843678Z  INFO tailwindcss_oxide::scanner: Reading "/home/z/my-project/nilov-catering/public/images/dishes/hero-banquet-standard.svg"
2026-08-13T01:23:41.843685Z  INFO tailwindcss_oxide::scanner: Reading "/home/z/my-project/nilov-catering/public/images/dishes/breakfast.svg"
2026-08-13T01:23:41.843689Z  INFO tailwindcss_oxide::scanner: Reading "/home/z/my-project/nilov-catering/components/blocks/WhyUs.tsx"
2026-08-13T01:23:41.843692Z  INFO tailwindcss_oxide::scanner: Reading "/home/z/my-project/nilov-catering/public/images/dishes/canape.svg"
2026-08-13T01:23:41.843700Z  INFO tailwindcss_oxide::scanner: Reading "/home/z/my-project/nilov-catering/public/images/dishes/dessert.svg"
2026-08-13T01:23:41.843700Z  INFO tailwindcss_oxide::scanner: Reading "/home/z/my-project/nilov-catering/components/blocks/GalleryTeaser.tsx"
2026-08-13T01:23:41.843710Z  INFO tailwindcss_oxide::scanner: Reading "/home/z/my-project/nilov-catering/components/blocks/MenuCTABlock.tsx"
2026-08-13T01:23:41.843730Z  INFO tailwindcss_oxide::scanner: Reading "/home/z/my-project/nilov-catering/components/blocks/HeroExtras.tsx"
2026-08-13T01:23:41.843713Z  INFO tailwindcss_oxide::scanner: Reading "/home/z/my-project/nilov-catering/public/images/dishes/hero-furshet-economy.svg"
2026-08-13T01:23:41.843739Z  INFO tailwindcss_oxide::scanner: Reading "/home/z/my-project/nilov-catering/components/blocks/B2BSection.tsx"
2026-08-13T01:23:41.843740Z  INFO tailwindcss_oxide::scanner: Reading "/home/z/my-project/nilov-catering/public/images/dishes/hero-banquet-economy.svg"
2026-08-13T01:23:41.843750Z  INFO tailwindcss_oxide::scanner: Reading "/home/z/my-project/nilov-catering/public/images/dishes/hero-coffee-standard.svg"
2026-08-13T01:23:41.843751Z  INFO tailwindcss_oxide::scanner: Reading "/home/z/my-project/nilov-catering/components/blocks/FormatShowcase.tsx"
2026-08-13T01:23:41.843756Z  INFO tailwindcss_oxide::scanner: Reading "/home/z/my-project/nilov-catering/public/images/dishes/hero-furshet-standard.svg"
2026-08-13T01:23:41.843764Z  INFO tailwindcss_oxide::scanner: Reading "/home/z/my-project/nilov-catering/components/blocks/MenuPreview.tsx"
2026-08-13T01:23:41.843769Z  INFO tailwindcss_oxide::scanner: Reading "/home/z/my-project/nilov-catering/public/images/menu/deserty/d7.svg"
2026-08-13T01:23:41.843779Z  INFO tailwindcss_oxide::scanner: Reading "/home/z/my-project/nilov-catering/public/images/menu/deserty/d5.svg"
2026-08-13T01:23:41.843789Z  INFO tailwindcss_oxide::scanner: Reading "/home/z/my-project/nilov-catering/public/images/menu/deserty/d3.svg"
2026-08-13T01:23:41.843798Z  INFO tailwindcss_oxide::scanner: Reading "/home/z/my-project/nilov-catering/public/images/menu/deserty/d9.svg"
2026-08-13T01:23:41.843802Z  INFO tailwindcss_oxide::scanner: Reading "/home/z/my-project/nilov-catering/components/blocks/PortfolioGallery.tsx"
2026-08-13T01:23:41.843804Z  INFO tailwindcss_oxide::scanner: Reading "/home/z/my-project/nilov-catering/public/images/menu/deserty/d6.svg"
2026-08-13T01:23:41.843814Z  INFO tailwindcss_oxide::scanner: Reading "/home/z/my-project/nilov-catering/public/images/menu/deserty/d2.svg"
2026-08-13T01:23:41.843820Z  INFO tailwindcss_oxide::scanner: Reading "/home/z/my-project/nilov-catering/public/images/menu/deserty/d4.svg"
2026-08-13T01:23:41.843828Z  INFO tailwindcss_oxide::scanner: Reading "/home/z/my-project/nilov-catering/components/blocks/InlinePriceCalculator.tsx"
2026-08-13T01:23:41.843829Z  INFO tailwindcss_oxide::scanner: Reading "/home/z/my-project/nilov-catering/public/images/menu/deserty/d1.svg"
2026-08-13T01:23:41.843844Z  INFO tailwindcss_oxide::scanner: Reading "/home/z/my-project/nilov-catering/components/blocks/EventsRecapHome.tsx"
2026-08-13T01:23:41.843852Z  INFO tailwindcss_oxide::scanner: Reading "/home/z/my-project/nilov-catering/public/images/menu/deserty/d8.svg"
2026-08-13T01:23:41.843858Z  INFO tailwindcss_oxide::scanner: Reading "/home/z/my-project/nilov-catering/components/blocks/HeroBlock.tsx"
2026-08-13T01:23:41.843860Z  INFO tailwindcss_oxide::scanner: Reading "/home/z/my-project/nilov-catering/public/images/menu/detskoe-cover.svg"
2026-08-13T01:23:41.843867Z  INFO tailwindcss_oxide::scanner: Reading "/home/z/my-project/nilov-catering/public/images/menu/banquet-cover.svg"
2026-08-13T01:23:41.843874Z  INFO tailwindcss_oxide::scanner: Reading "/home/z/my-project/nilov-catering/public/images/menu/coffee-break-cover.svg"
2026-08-13T01:23:41.843878Z  INFO tailwindcss_oxide::scanner: Reading "/home/z/my-project/nilov-catering/components/blocks/TestimonialsCarousel.tsx"
2026-08-13T01:23:41.843885Z  INFO tailwindcss_oxide::scanner: Reading "/home/z/my-project/nilov-catering/public/images/menu/goryachee/h6.svg"
2026-08-13T01:23:41.843907Z  INFO tailwindcss_oxide::scanner: Reading "/home/z/my-project/nilov-catering/public/images/menu/goryachee/h5.svg"
2026-08-13T01:23:41.843916Z  INFO tailwindcss_oxide::scanner: Reading "/home/z/my-project/nilov-catering/public/images/menu/goryachee/h8.svg"
2026-08-13T01:23:41.843919Z  INFO tailwindcss_oxide::scanner: Reading "/home/z/my-project/nilov-catering/components/blocks/TariffOffersSection.tsx"
2026-08-13T01:23:41.843927Z  INFO tailwindcss_oxide::scanner: Reading "/home/z/my-project/nilov-catering/public/images/menu/goryachee/h7.svg"
2026-08-13T01:23:41.843935Z  INFO tailwindcss_oxide::scanner: Reading "/home/z/my-project/nilov-catering/public/images/menu/goryachee/h2.svg"
2026-08-13T01:23:41.843947Z  INFO tailwindcss_oxide::scanner: Reading "/home/z/my-project/nilov-catering/public/images/menu/goryachee/h4.svg"
2026-08-13T01:23:41.843948Z  INFO tailwindcss_oxide::scanner: Reading "/home/z/my-project/nilov-catering/components/blocks/TrustProof.tsx"
2026-08-13T01:23:41.843958Z  INFO tailwindcss_oxide::scanner: Reading "/home/z/my-project/nilov-catering/components/blocks/DeliveryBanner.tsx"
2026-08-13T01:23:41.843958Z  INFO tailwindcss_oxide::scanner: Reading "/home/z/my-project/nilov-catering/public/images/menu/goryachee/h3.svg"
2026-08-13T01:23:41.843968Z  INFO tailwindcss_oxide::scanner: Reading "/home/z/my-project/nilov-catering/public/images/menu/goryachee/h1.svg"
2026-08-13T01:23:41.843968Z  INFO tailwindcss_oxide::scanner: Reading "/home/z/my-project/nilov-catering/components/blocks/LiveSocialFeed.tsx"
2026-08-13T01:23:41.843986Z  INFO tailwindcss_oxide::scanner: Reading "/home/z/my-project/nilov-catering/public/images/menu/bbq/b5.svg"
2026-08-13T01:23:41.843991Z  INFO tailwindcss_oxide::scanner: Reading "/home/z/my-project/nilov-catering/components/blocks/NewsletterBlock.tsx"
2026-08-13T01:23:41.843997Z  INFO tailwindcss_oxide::scanner: Reading "/home/z/my-project/nilov-catering/public/images/menu/bbq/b1.svg"
2026-08-13T01:23:41.844010Z  INFO tailwindcss_oxide::scanner: Reading "/home/z/my-project/nilov-catering/public/images/menu/bbq/b2.svg"
2026-08-13T01:23:41.844018Z  INFO tailwindcss_oxide::scanner: Reading "/home/z/my-project/nilov-catering/public/images/menu/bbq/b4.svg"
2026-08-13T01:23:41.844027Z  INFO tailwindcss_oxide::scanner: Reading "/home/z/my-project/nilov-catering/public/images/menu/bbq/b3.svg"
2026-08-13T01:23:41.844029Z  INFO tailwindcss_oxide::scanner: Reading "/home/z/my-project/nilov-catering/components/blocks/MenuTariffs.tsx"
2026-08-13T01:23:41.844036Z  INFO tailwindcss_oxide::scanner: Reading "/home/z/my-project/nilov-catering/public/images/menu/napitki/n1.svg"
2026-08-13T01:23:41.844043Z  INFO tailwindcss_oxide::scanner: Reading "/home/z/my-project/nilov-catering/public/images/menu/napitki/n2.svg"
2026-08-13T01:23:41.844053Z  INFO tailwindcss_oxide::scanner: Reading "/home/z/my-project/nilov-catering/public/images/menu/napitki/n3.svg"
2026-08-13T01:23:41.844063Z  INFO tailwindcss_oxide::scanner: Reading "/home/z/my-project/nilov-catering/public/images/menu/napitki/n4.svg"
2026-08-13T01:23:41.844063Z  INFO tailwindcss_oxide::scanner: Reading "/home/z/my-project/nilov-catering/components/blocks/DeliveryZonesMap.tsx"
2026-08-13T01:23:41.844073Z  INFO tailwindcss_oxide::scanner: Reading "/home/z/my-project/nilov-catering/public/images/menu/kanape/k6.svg"
2026-08-13T01:23:41.844074Z  INFO tailwindcss_oxide::scanner: Reading "/home/z/my-project/nilov-catering/components/blocks/TrustMarquee.tsx"
2026-08-13T01:23:41.844084Z  INFO tailwindcss_oxide::scanner: Reading "/home/z/my-project/nilov-catering/public/images/menu/kanape/k7.svg"
2026-08-13T01:23:41.844086Z  INFO tailwindcss_oxide::scanner: Reading "/home/z/my-project/nilov-catering/components/blocks/TrustBar.tsx"
2026-08-13T01:23:41.844093Z  INFO tailwindcss_oxide::scanner: Reading "/home/z/my-project/nilov-catering/public/images/menu/kanape/k9.svg"
2026-08-13T01:23:41.844097Z  INFO tailwindcss_oxide::scanner: Reading "/home/z/my-project/nilov-catering/components/blocks/ProcessSteps.tsx"
2026-08-13T01:23:41.844104Z  INFO tailwindcss_oxide::scanner: Reading "/home/z/my-project/nilov-catering/public/images/menu/kanape/k4.svg"
2026-08-13T01:23:41.844108Z  INFO tailwindcss_oxide::scanner: Reading "/home/z/my-project/nilov-catering/components/blocks/NamedPackageGrid.tsx"
2026-08-13T01:23:41.844123Z  INFO tailwindcss_oxide::scanner: Reading "/home/z/my-project/nilov-catering/components/blocks/HelperLeadForm.tsx"
2026-08-13T01:23:41.844126Z  INFO tailwindcss_oxide::scanner: Reading "/home/z/my-project/nilov-catering/public/images/menu/kanape/k5.svg"
2026-08-13T01:23:41.844134Z  INFO tailwindcss_oxide::scanner: Reading "/home/z/my-project/nilov-catering/public/images/menu/kanape/k1.svg"
2026-08-13T01:23:41.844135Z  INFO tailwindcss_oxide::scanner: Reading "/home/z/my-project/nilov-catering/components/blocks/EventTypeSelector.tsx"
2026-08-13T01:23:41.844144Z  INFO tailwindcss_oxide::scanner: Reading "/home/z/my-project/nilov-catering/public/images/menu/kanape/k3.svg"
2026-08-13T01:23:41.844148Z  INFO tailwindcss_oxide::scanner: Reading "/home/z/my-project/nilov-catering/components/blocks/SeasonalPackages.tsx"
2026-08-13T01:23:41.844155Z  INFO tailwindcss_oxide::scanner: Reading "/home/z/my-project/nilov-catering/public/images/menu/kanape/k2.svg"
2026-08-13T01:23:41.844171Z  INFO tailwindcss_oxide::scanner: Reading "/home/z/my-project/nilov-catering/public/images/menu/kanape/k8.svg"
2026-08-13T01:23:41.844177Z  INFO tailwindcss_oxide::scanner: Reading "/home/z/my-project/nilov-catering/components/blocks/ChefStory.tsx"
2026-08-13T01:23:41.844178Z  INFO tailwindcss_oxide::scanner: Reading "/home/z/my-project/nilov-catering/public/images/menu/sezonnye/se1.svg"
2026-08-13T01:23:41.844186Z  INFO tailwindcss_oxide::scanner: Reading "/home/z/my-project/nilov-catering/public/images/menu/sezonnye/se3.svg"
2026-08-13T01:23:41.844194Z  INFO tailwindcss_oxide::scanner: Reading "/home/z/my-project/nilov-catering/components/blocks/HomeVideoShowcase.tsx"
2026-08-13T01:23:41.844196Z  INFO tailwindcss_oxide::scanner: Reading "/home/z/my-project/nilov-catering/public/images/menu/sezonnye/se7.svg"
2026-08-13T01:23:41.844205Z  INFO tailwindcss_oxide::scanner: Reading "/home/z/my-project/nilov-catering/public/images/menu/sezonnye/se6.svg"
2026-08-13T01:23:41.844204Z  INFO tailwindcss_oxide::scanner: Reading "/home/z/my-project/nilov-catering/components/blocks/CTASection.tsx"
2026-08-13T01:23:41.844212Z  INFO tailwindcss_oxide::scanner: Reading "/home/z/my-project/nilov-catering/public/images/menu/sezonnye/se2.svg"
2026-08-13T01:23:41.844216Z  INFO tailwindcss_oxide::scanner: Reading "/home/z/my-project/nilov-catering/components/blocks/PrebuiltMenuCards.tsx"
2026-08-13T01:23:41.844234Z  INFO tailwindcss_oxide::scanner: Reading "/home/z/my-project/nilov-catering/public/images/menu/sezonnye/se5.svg"
2026-08-13T01:23:41.844240Z  INFO tailwindcss_oxide::scanner: Reading "/home/z/my-project/nilov-catering/public/images/menu/sezonnye/se4.svg"
2026-08-13T01:23:41.844249Z  INFO tailwindcss_oxide::scanner: Reading "/home/z/my-project/nilov-catering/public/images/menu/salaty/s4.svg"
2026-08-13T01:23:41.844252Z  INFO tailwindcss_oxide::scanner: Reading "/home/z/my-project/nilov-catering/components/CatalogClient.tsx"
2026-08-13T01:23:41.844255Z  INFO tailwindcss_oxide::scanner: Reading "/home/z/my-project/nilov-catering/public/images/menu/salaty/s3.svg"
2026-08-13T01:23:41.844264Z  INFO tailwindcss_oxide::scanner: Reading "/home/z/my-project/nilov-catering/public/images/menu/salaty/s8.svg"
2026-08-13T01:23:41.844274Z  INFO tailwindcss_oxide::scanner: Reading "/home/z/my-project/nilov-catering/public/images/menu/salaty/s5.svg"
2026-08-13T01:23:41.844276Z  INFO tailwindcss_oxide::scanner: Reading "/home/z/my-project/nilov-catering/components/effects/TextSizeToggle.tsx"
2026-08-13T01:23:41.844283Z  INFO tailwindcss_oxide::scanner: Reading "/home/z/my-project/nilov-catering/public/images/menu/salaty/s6.svg"
2026-08-13T01:23:41.844292Z  INFO tailwindcss_oxide::scanner: Reading "/home/z/my-project/nilov-catering/components/effects/MagneticButton.tsx"
2026-08-13T01:23:41.844292Z  INFO tailwindcss_oxide::scanner: Reading "/home/z/my-project/nilov-catering/public/images/menu/salaty/s7.svg"
2026-08-13T01:23:41.844301Z  INFO tailwindcss_oxide::scanner: Reading "/home/z/my-project/nilov-catering/public/images/menu/salaty/s1.svg"
2026-08-13T01:23:41.844302Z  INFO tailwindcss_oxide::scanner: Reading "/home/z/my-project/nilov-catering/components/effects/AnimatedCounter.tsx"
2026-08-13T01:23:41.844312Z  INFO tailwindcss_oxide::scanner: Reading "/home/z/my-project/nilov-catering/public/images/menu/salaty/s2.svg"
2026-08-13T01:23:41.844314Z  INFO tailwindcss_oxide::scanner: Reading "/home/z/my-project/nilov-catering/components/effects/ParallaxSection.tsx"
2026-08-13T01:23:41.844321Z  INFO tailwindcss_oxide::scanner: Reading "/home/z/my-project/nilov-catering/public/images/menu/salaty/s9.svg"
2026-08-13T01:23:41.844326Z  INFO tailwindcss_oxide::scanner: Reading "/home/z/my-project/nilov-catering/components/effects/MorphingText.tsx"
2026-08-13T01:23:41.844328Z  INFO tailwindcss_oxide::scanner: Reading "/home/z/my-project/nilov-catering/public/images/menu/furshet-cover.svg"
2026-08-13T01:23:41.844339Z  INFO tailwindcss_oxide::scanner: Reading "/home/z/my-project/nilov-catering/public/images/testimonials/avatar6.svg"
2026-08-13T01:23:41.844340Z  INFO tailwindcss_oxide::scanner: Reading "/home/z/my-project/nilov-catering/components/effects/TextReveal.tsx"
2026-08-13T01:23:41.844346Z  INFO tailwindcss_oxide::scanner: Reading "/home/z/my-project/nilov-catering/public/images/testimonials/avatar7.svg"
2026-08-13T01:23:41.844350Z  INFO tailwindcss_oxide::scanner: Reading "/home/z/my-project/nilov-catering/components/effects/MotionPrimitives.tsx"
2026-08-13T01:23:41.844352Z  INFO tailwindcss_oxide::scanner: Reading "/home/z/my-project/nilov-catering/public/images/testimonials/avatar2.svg"
2026-08-13T01:23:41.844360Z  INFO tailwindcss_oxide::scanner: Reading "/home/z/my-project/nilov-catering/components/effects/PhotoAliveCard.tsx"
2026-08-13T01:23:41.844361Z  INFO tailwindcss_oxide::scanner: Reading "/home/z/my-project/nilov-catering/public/images/testimonials/avatar5.svg"
2026-08-13T01:23:41.844369Z  INFO tailwindcss_oxide::scanner: Reading "/home/z/my-project/nilov-catering/public/images/testimonials/avatar4.svg"
2026-08-13T01:23:41.844371Z  INFO tailwindcss_oxide::scanner: Reading "/home/z/my-project/nilov-catering/components/effects/ScrollReveal.tsx"
2026-08-13T01:23:41.844374Z  INFO tailwindcss_oxide::scanner: Reading "/home/z/my-project/nilov-catering/public/images/testimonials/avatar3.svg"
2026-08-13T01:23:41.844381Z  INFO tailwindcss_oxide::scanner: Reading "/home/z/my-project/nilov-catering/components/effects/RevealHeading.tsx"
2026-08-13T01:23:41.844383Z  INFO tailwindcss_oxide::scanner: Reading "/home/z/my-project/nilov-catering/public/images/testimonials/avatar1.svg"
2026-08-13T01:23:41.844394Z  INFO tailwindcss_oxide::scanner: Reading "/home/z/my-project/nilov-catering/components/effects/TiltCard.tsx"
2026-08-13T01:23:41.844395Z  INFO tailwindcss_oxide::scanner: Reading "/home/z/my-project/nilov-catering/public/images/formats/banquet-hero.svg"
2026-08-13T01:23:41.844403Z  INFO tailwindcss_oxide::scanner: Reading "/home/z/my-project/nilov-catering/public/images/formats/mobile-furshet-hero.svg"
2026-08-13T01:23:41.844403Z  INFO tailwindcss_oxide::scanner: Reading "/home/z/my-project/nilov-catering/components/effects/PageTransition.tsx"
2026-08-13T01:23:41.844413Z  INFO tailwindcss_oxide::scanner: Reading "/home/z/my-project/nilov-catering/public/images/formats/furshet-hero.svg"
2026-08-13T01:23:41.844414Z  INFO tailwindcss_oxide::scanner: Reading "/home/z/my-project/nilov-catering/components/effects/CustomCursor.tsx"
2026-08-13T01:23:41.844419Z  INFO tailwindcss_oxide::scanner: Reading "/home/z/my-project/nilov-catering/public/images/formats/chef-at-home-hero.svg"
2026-08-13T01:23:41.844425Z  INFO tailwindcss_oxide::scanner: Reading "/home/z/my-project/nilov-catering/components/effects/StickyCTA.tsx"
2026-08-13T01:23:41.844427Z  INFO tailwindcss_oxide::scanner: Reading "/home/z/my-project/nilov-catering/public/images/formats/coffee-break-hero.svg"
2026-08-13T01:23:41.844435Z  INFO tailwindcss_oxide::scanner: Reading "/home/z/my-project/nilov-catering/components/effects/SmoothScrollProvider.tsx"
2026-08-13T01:23:41.844438Z  INFO tailwindcss_oxide::scanner: Reading "/home/z/my-project/nilov-catering/public/images/formats/detskoe-hero.svg"
2026-08-13T01:23:41.844446Z  INFO tailwindcss_oxide::scanner: Reading "/home/z/my-project/nilov-catering/components/interactive/DishCartIndicator.tsx"
2026-08-13T01:23:41.844451Z  INFO tailwindcss_oxide::scanner: Reading "/home/z/my-project/nilov-catering/public/images/team/b2b-manager.svg"
2026-08-13T01:23:41.844460Z  INFO tailwindcss_oxide::scanner: Reading "/home/z/my-project/nilov-catering/public/images/team/pastry-chef.svg"
2026-08-13T01:23:41.844465Z  INFO tailwindcss_oxide::scanner: Reading "/home/z/my-project/nilov-catering/components/interactive/Calculator.tsx"
2026-08-13T01:23:41.844466Z  INFO tailwindcss_oxide::scanner: Reading "/home/z/my-project/nilov-catering/public/images/team/manager.svg"
2026-08-13T01:23:41.844476Z  INFO tailwindcss_oxide::scanner: Reading "/home/z/my-project/nilov-catering/public/images/team/coordinator.svg"
2026-08-13T01:23:41.844484Z  INFO tailwindcss_oxide::scanner: Reading "/home/z/my-project/nilov-catering/public/images/team/art-director.svg"
2026-08-13T01:23:41.844490Z  INFO tailwindcss_oxide::scanner: Reading "/home/z/my-project/nilov-catering/public/images/team/sommelier.svg"
2026-08-13T01:23:41.844490Z  INFO tailwindcss_oxide::scanner: Reading "/home/z/my-project/nilov-catering/components/interactive/BudgetCalculator.tsx"
2026-08-13T01:23:41.844497Z  INFO tailwindcss_oxide::scanner: Reading "/home/z/my-project/nilov-catering/public/images/team/sous-chef.svg"
2026-08-13T01:23:41.844507Z  INFO tailwindcss_oxide::scanner: Reading "/home/z/my-project/nilov-catering/public/images/team/chef-nilov.svg"
2026-08-13T01:23:41.844510Z  INFO tailwindcss_oxide::scanner: Reading "/home/z/my-project/nilov-catering/components/interactive/CartRail.tsx"
2026-08-13T01:23:41.844512Z  INFO tailwindcss_oxide::scanner: Reading "/home/z/my-project/nilov-catering/public/images/team/safety-manager.svg"
2026-08-13T01:23:41.844520Z  INFO tailwindcss_oxide::scanner: Reading "/home/z/my-project/nilov-catering/public/images/events/chef-at-home-cover.svg"
2026-08-13T01:23:41.844528Z  INFO tailwindcss_oxide::scanner: Reading "/home/z/my-project/nilov-catering/components/interactive/PersistentCartRail.tsx"
2026-08-13T01:23:41.844529Z  INFO tailwindcss_oxide::scanner: Reading "/home/z/my-project/nilov-catering/public/images/events/detskoe-cover.svg"
2026-08-13T01:23:41.844536Z  INFO tailwindcss_oxide::scanner: Reading "/home/z/my-project/nilov-catering/public/images/events/vypusknoy-cover.svg"
2026-08-13T01:23:41.844543Z  INFO tailwindcss_oxide::scanner: Reading "/home/z/my-project/nilov-catering/public/images/events/svadba-cover.svg"
2026-08-13T01:23:41.844550Z  INFO tailwindcss_oxide::scanner: Reading "/home/z/my-project/nilov-catering/public/images/events/chastnoe-cover.svg"
2026-08-13T01:23:41.844555Z  INFO tailwindcss_oxide::scanner: Reading "/home/z/my-project/nilov-catering/public/images/events/korporativ-cover.svg"
2026-08-13T01:23:41.844567Z  INFO tailwindcss_oxide::scanner: Reading "/home/z/my-project/nilov-catering/public/images/_placeholder-sample/canape-live.svg"
2026-08-13T01:23:41.844575Z  INFO tailwindcss_oxide::scanner: Reading "/home/z/my-project/nilov-catering/public/og-image.svg"
2026-08-13T01:23:41.844588Z  INFO tailwindcss_oxide::scanner: Reading "/home/z/my-project/Caddyfile"
2026-08-13T01:23:41.844594Z  INFO tailwindcss_oxide::scanner: Reading "/home/z/my-project/eslint.config.mjs"
2026-08-13T01:23:41.844606Z  INFO tailwindcss_oxide::scanner: Reading "/home/z/my-project/examples/websocket/frontend.tsx"
2026-08-13T01:23:41.844613Z  INFO tailwindcss_oxide::scanner: Reading "/home/z/my-project/nilov-catering/components/interactive/MenuBuilder.tsx"
2026-08-13T01:23:41.844619Z  INFO tailwindcss_oxide::scanner: Reading "/home/z/my-project/examples/websocket/server.ts"
2026-08-13T01:23:41.844632Z  INFO tailwindcss_oxide::scanner: Reading "/home/z/my-project/src/hooks/use-mobile.ts"
2026-08-13T01:23:41.844636Z  INFO tailwindcss_oxide::scanner: Reading "/home/z/my-project/src/hooks/use-toast.ts"
2026-08-13T01:23:41.844646Z  INFO tailwindcss_oxide::scanner: Reading "/home/z/my-project/src/lib/db.ts"
2026-08-13T01:23:41.844653Z  INFO tailwindcss_oxide::scanner: Reading "/home/z/my-project/src/lib/utils.ts"
2026-08-13T01:23:41.844659Z  INFO tailwindcss_oxide::scanner: Reading "/home/z/my-project/src/app/api/route.ts"
2026-08-13T01:23:41.844664Z  INFO tailwindcss_oxide::scanner: Reading "/home/z/my-project/src/app/layout.tsx"
2026-08-13T01:23:41.844669Z  INFO tailwindcss_oxide::scanner: Reading "/home/z/my-project/src/app/page.tsx"
2026-08-13T01:23:41.844679Z  INFO tailwindcss_oxide::scanner: Reading "/home/z/my-project/src/components/ui/radio-group.tsx"
2026-08-13T01:23:41.844690Z  INFO tailwindcss_oxide::scanner: Reading "/home/z/my-project/src/components/ui/navigation-menu.tsx"
2026-08-13T01:23:41.844693Z  INFO tailwindcss_oxide::scanner: Reading "/home/z/my-project/nilov-catering/components/interactive/ConstructorWizard.tsx"
2026-08-13T01:23:41.844700Z  INFO tailwindcss_oxide::scanner: Reading "/home/z/my-project/src/components/ui/table.tsx"
2026-08-13T01:23:41.844709Z  INFO tailwindcss_oxide::scanner: Reading "/home/z/my-project/src/components/ui/carousel.tsx"
2026-08-13T01:23:41.844721Z  INFO tailwindcss_oxide::scanner: Reading "/home/z/my-project/src/components/ui/dropdown-menu.tsx"
2026-08-13T01:23:41.844734Z  INFO tailwindcss_oxide::scanner: Reading "/home/z/my-project/src/components/ui/accordion.tsx"
2026-08-13T01:23:41.844741Z  INFO tailwindcss_oxide::scanner: Reading "/home/z/my-project/src/components/ui/input.tsx"
2026-08-13T01:23:41.844745Z  INFO tailwindcss_oxide::scanner: Reading "/home/z/my-project/nilov-catering/components/interactive/AvailabilityCalendar.tsx"
2026-08-13T01:23:41.844747Z  INFO tailwindcss_oxide::scanner: Reading "/home/z/my-project/src/components/ui/sonner.tsx"
2026-08-13T01:23:41.844755Z  INFO tailwindcss_oxide::scanner: Reading "/home/z/my-project/src/components/ui/toggle.tsx"
2026-08-13T01:23:41.844757Z  INFO tailwindcss_oxide::scanner: Reading "/home/z/my-project/nilov-catering/components/common/Breadcrumbs.tsx"
2026-08-13T01:23:41.844760Z  INFO tailwindcss_oxide::scanner: Reading "/home/z/my-project/src/components/ui/label.tsx"
2026-08-13T01:23:41.844767Z  INFO tailwindcss_oxide::scanner: Reading "/home/z/my-project/nilov-catering/components/common/PageHeader.tsx"
2026-08-13T01:23:41.844768Z  INFO tailwindcss_oxide::scanner: Reading "/home/z/my-project/src/components/ui/avatar.tsx"
2026-08-13T01:23:41.844776Z  INFO tailwindcss_oxide::scanner: Reading "/home/z/my-project/src/components/ui/skeleton.tsx"
2026-08-13T01:23:41.844780Z  INFO tailwindcss_oxide::scanner: Reading "/home/z/my-project/nilov-catering/components/common/ShareButton.tsx"
2026-08-13T01:23:41.844782Z  INFO tailwindcss_oxide::scanner: Reading "/home/z/my-project/src/components/ui/sheet.tsx"
2026-08-13T01:23:41.844793Z  INFO tailwindcss_oxide::scanner: Reading "/home/z/my-project/src/components/ui/alert-dialog.tsx"
2026-08-13T01:23:41.844794Z  INFO tailwindcss_oxide::scanner: Reading "/home/z/my-project/nilov-catering/components/common/Lightbox.tsx"
2026-08-13T01:23:41.844801Z  INFO tailwindcss_oxide::scanner: Reading "/home/z/my-project/src/components/ui/resizable.tsx"
2026-08-13T01:23:41.844806Z  INFO tailwindcss_oxide::scanner: Reading "/home/z/my-project/nilov-catering/components/common/TenderHub.tsx"
2026-08-13T01:23:41.844807Z  INFO tailwindcss_oxide::scanner: Reading "/home/z/my-project/src/components/ui/input-otp.tsx"
2026-08-13T01:23:41.844816Z  INFO tailwindcss_oxide::scanner: Reading "/home/z/my-project/nilov-catering/components/common/ScrollProgress.tsx"
2026-08-13T01:23:41.844817Z  INFO tailwindcss_oxide::scanner: Reading "/home/z/my-project/src/components/ui/toggle-group.tsx"
2026-08-13T01:23:41.844824Z  INFO tailwindcss_oxide::scanner: Reading "/home/z/my-project/src/components/ui/toaster.tsx"
2026-08-13T01:23:41.844827Z  INFO tailwindcss_oxide::scanner: Reading "/home/z/my-project/nilov-catering/components/common/PrintButton.tsx"
2026-08-13T01:23:41.844829Z  INFO tailwindcss_oxide::scanner: Reading "/home/z/my-project/src/components/ui/textarea.tsx"
2026-08-13T01:23:41.844838Z  INFO tailwindcss_oxide::scanner: Reading "/home/z/my-project/src/components/ui/slider.tsx"
2026-08-13T01:23:41.844838Z  INFO tailwindcss_oxide::scanner: Reading "/home/z/my-project/nilov-catering/components/common/AllergenChips.tsx"
2026-08-13T01:23:41.844849Z  INFO tailwindcss_oxide::scanner: Reading "/home/z/my-project/src/components/ui/aspect-ratio.tsx"
2026-08-13T01:23:41.844854Z  INFO tailwindcss_oxide::scanner: Reading "/home/z/my-project/nilov-catering/components/common/B2BBanner.tsx"
2026-08-13T01:23:41.844860Z  INFO tailwindcss_oxide::scanner: Reading "/home/z/my-project/src/components/ui/chart.tsx"
2026-08-13T01:23:41.844863Z  INFO tailwindcss_oxide::scanner: Reading "/home/z/my-project/nilov-catering/components/common/FoodPhoto.tsx"
2026-08-13T01:23:41.844873Z  INFO tailwindcss_oxide::scanner: Reading "/home/z/my-project/src/components/ui/card.tsx"
2026-08-13T01:23:41.844875Z  INFO tailwindcss_oxide::scanner: Reading "/home/z/my-project/nilov-catering/components/common/B2BPortalSection.tsx"
2026-08-13T01:23:41.844880Z  INFO tailwindcss_oxide::scanner: Reading "/home/z/my-project/src/components/ui/popover.tsx"
2026-08-13T01:23:41.844885Z  INFO tailwindcss_oxide::scanner: Reading "/home/z/my-project/nilov-catering/components/facts/FactItem.tsx"
2026-08-13T01:23:41.844887Z  INFO tailwindcss_oxide::scanner: Reading "/home/z/my-project/src/components/ui/alert.tsx"
2026-08-13T01:23:41.844893Z  INFO tailwindcss_oxide::scanner: Reading "/home/z/my-project/src/components/ui/tabs.tsx"
2026-08-13T01:23:41.844900Z  INFO tailwindcss_oxide::scanner: Reading "/home/z/my-project/nilov-catering/components/layout/MegaMenu.tsx"
2026-08-13T01:23:41.844902Z  INFO tailwindcss_oxide::scanner: Reading "/home/z/my-project/src/components/ui/collapsible.tsx"
2026-08-13T01:23:41.844911Z  INFO tailwindcss_oxide::scanner: Reading "/home/z/my-project/src/components/ui/form.tsx"
2026-08-13T01:23:41.844911Z  INFO tailwindcss_oxide::scanner: Reading "/home/z/my-project/nilov-catering/components/layout/Analytics.tsx"
2026-08-13T01:23:41.844921Z  INFO tailwindcss_oxide::scanner: Reading "/home/z/my-project/src/components/ui/drawer.tsx"
2026-08-13T01:23:41.844922Z  INFO tailwindcss_oxide::scanner: Reading "/home/z/my-project/nilov-catering/components/layout/AnnouncementBar.tsx"
2026-08-13T01:23:41.844933Z  INFO tailwindcss_oxide::scanner: Reading "/home/z/my-project/nilov-catering/components/layout/MobileBottomNav.tsx"
2026-08-13T01:23:41.844936Z  INFO tailwindcss_oxide::scanner: Reading "/home/z/my-project/src/components/ui/context-menu.tsx"
2026-08-13T01:23:41.844942Z  INFO tailwindcss_oxide::scanner: Reading "/home/z/my-project/nilov-catering/components/layout/CookieBanner.tsx"
2026-08-13T01:23:41.844955Z  INFO tailwindcss_oxide::scanner: Reading "/home/z/my-project/nilov-catering/components/layout/StickyMobileCTA.tsx"
2026-08-13T01:23:41.844959Z  INFO tailwindcss_oxide::scanner: Reading "/home/z/my-project/src/components/ui/sidebar.tsx"
2026-08-13T01:23:41.844965Z  INFO tailwindcss_oxide::scanner: Reading "/home/z/my-project/nilov-catering/components/layout/ClientLayout.tsx"
2026-08-13T01:23:41.844985Z  INFO tailwindcss_oxide::scanner: Reading "/home/z/my-project/nilov-catering/components/layout/CartBadge.tsx"
2026-08-13T01:23:41.844997Z  INFO tailwindcss_oxide::scanner: Reading "/home/z/my-project/nilov-catering/components/layout/PricingWrapper.tsx"
2026-08-13T01:23:41.845004Z  INFO tailwindcss_oxide::scanner: Reading "/home/z/my-project/src/components/ui/pagination.tsx"
2026-08-13T01:23:41.845007Z  INFO tailwindcss_oxide::scanner: Reading "/home/z/my-project/nilov-catering/components/layout/MobileMenu.tsx"
2026-08-13T01:23:41.845016Z  INFO tailwindcss_oxide::scanner: Reading "/home/z/my-project/src/components/ui/toast.tsx"
2026-08-13T01:23:41.845022Z  INFO tailwindcss_oxide::scanner: Reading "/home/z/my-project/src/components/ui/tooltip.tsx"
2026-08-13T01:23:41.845022Z  INFO tailwindcss_oxide::scanner: Reading "/home/z/my-project/nilov-catering/components/layout/Header.tsx"
2026-08-13T01:23:41.845027Z  INFO tailwindcss_oxide::scanner: Reading "/home/z/my-project/src/components/ui/command.tsx"
2026-08-13T01:23:41.845036Z  INFO tailwindcss_oxide::scanner: Reading "/home/z/my-project/src/components/ui/button.tsx"
2026-08-13T01:23:41.845039Z  INFO tailwindcss_oxide::scanner: Reading "/home/z/my-project/nilov-catering/components/layout/Footer.tsx"
2026-08-13T01:23:41.845042Z  INFO tailwindcss_oxide::scanner: Reading "/home/z/my-project/src/components/ui/menubar.tsx"
2026-08-13T01:23:41.845051Z  INFO tailwindcss_oxide::scanner: Reading "/home/z/my-project/nilov-catering/components/layout/LiveChatWidget.tsx"
2026-08-13T01:23:41.845052Z  INFO tailwindcss_oxide::scanner: Reading "/home/z/my-project/src/components/ui/select.tsx"
2026-08-13T01:23:41.845061Z  INFO tailwindcss_oxide::scanner: Reading "/home/z/my-project/nilov-catering/tsconfig.json"
2026-08-13T01:23:41.845062Z  INFO tailwindcss_oxide::scanner: Reading "/home/z/my-project/src/components/ui/progress.tsx"
2026-08-13T01:23:41.845081Z  INFO tailwindcss_oxide::scanner: Reading "/home/z/my-project/nilov-catering/CLAUDE.md"
2026-08-13T01:23:41.845081Z  INFO tailwindcss_oxide::scanner: Reading "/home/z/my-project/src/components/ui/switch.tsx"
2026-08-13T01:23:41.845097Z  INFO tailwindcss_oxide::scanner: Reading "/home/z/my-project/src/components/ui/calendar.tsx"
2026-08-13T01:23:41.845106Z  INFO tailwindcss_oxide::scanner: Reading "/home/z/my-project/src/components/ui/scroll-area.tsx"
2026-08-13T01:23:41.845111Z  INFO tailwindcss_oxide::scanner: Reading "/home/z/my-project/src/components/ui/checkbox.tsx"
2026-08-13T01:23:41.845117Z  INFO tailwindcss_oxide::scanner: Reading "/home/z/my-project/src/components/ui/breadcrumb.tsx"
2026-08-13T01:23:41.845125Z  INFO tailwindcss_oxide::scanner: Reading "/home/z/my-project/src/components/ui/badge.tsx"
2026-08-13T01:23:41.845130Z  INFO tailwindcss_oxide::scanner: Reading "/home/z/my-project/src/components/ui/separator.tsx"
2026-08-13T01:23:41.845134Z  INFO tailwindcss_oxide::scanner: Reading "/home/z/my-project/src/components/ui/hover-card.tsx"
2026-08-13T01:23:41.845138Z  INFO tailwindcss_oxide::scanner: Reading "/home/z/my-project/src/components/ui/dialog.tsx"
2026-08-13T01:23:41.845144Z  INFO tailwindcss_oxide::scanner: Reading "/home/z/my-project/mini-services/.gitkeep"
2026-08-13T01:23:41.845150Z  INFO tailwindcss_oxide::scanner: Reading "/home/z/my-project/.clawhub/lock.json"
2026-08-13T01:23:41.845163Z  INFO tailwindcss_oxide::scanner: Reading "/home/z/my-project/tests/python-runtime-container.sh"
2026-08-13T01:23:41.845168Z  INFO tailwindcss_oxide::scanner: Reading "/home/z/my-project/tests/database-runtime-build.sh"
2026-08-13T01:23:41.845172Z  INFO tailwindcss_oxide::scanner: Reading "/home/z/my-project/tests/python-runtime-build.sh"
2026-08-13T01:23:41.845181Z  INFO tailwindcss_oxide::scanner: Reading "/home/z/my-project/postcss.config.mjs"
2026-08-13T01:23:41.845187Z  INFO tailwindcss_oxide::scanner: Reading "/home/z/my-project/download/README.md"
2026-08-13T01:23:41.845213Z  INFO tailwindcss_oxide::scanner: Reading "/home/z/my-project/tool-results/read_1786576513857_baff04520c95.txt"
2026-08-13T01:23:41.845270Z  INFO tailwindcss_oxide::scanner: Reading "/home/z/my-project/nilov-catering/tsconfig.tsbuildinfo"
2026-08-13T01:23:41.845274Z  INFO tailwindcss_oxide::scanner: Reading "/home/z/my-project/tool-results/bash_1786568526611_fcee6e269061.txt"
2026-08-13T01:23:41.845428Z  INFO tailwindcss_oxide::scanner: Reading "/home/z/my-project/nilov-catering/middleware.ts"
2026-08-13T01:23:41.845485Z  INFO tailwindcss_oxide::scanner: Reading "/home/z/my-project/nilov-catering/research/PRODUCT_BLUEPRINT_V3 (2).md"
2026-08-13T01:23:41.845493Z  INFO tailwindcss_oxide::scanner: Reading "/home/z/my-project/tool-results/read_1786573159652_e5641dd476a9.txt"
2026-08-13T01:23:41.845666Z  INFO tailwindcss_oxide::scanner: Reading "/home/z/my-project/tool-results/spb-catering-competitors.json"
2026-08-13T01:23:41.845699Z  INFO tailwindcss_oxide::scanner: Reading "/home/z/my-project/tool-results/read_1786583243038_5305fa1e5229.txt"
2026-08-13T01:23:41.845720Z  INFO tailwindcss_oxide::scanner: Reading "/home/z/my-project/tool-results/grep_1786574044258_633ca5f4e77a.txt"
2026-08-13T01:23:41.845733Z  INFO tailwindcss_oxide::scanner: Reading "/home/z/my-project/tool-results/read_1786583338389_6906b69139ce.txt"
2026-08-13T01:23:41.845755Z  INFO tailwindcss_oxide::scanner: Reading "/home/z/my-project/tool-results/read_1786574039834_0eec86369258.txt"
2026-08-13T01:23:41.845802Z  INFO tailwindcss_oxide::scanner: Reading "/home/z/my-project/tool-results/read_1786574047414_45ea37702793.txt"
2026-08-13T01:23:41.845819Z  INFO tailwindcss_oxide::scanner: Reading "/home/z/my-project/tool-results/read_1786576608597_ca65e9e543bb.txt"
2026-08-13T01:23:41.845856Z  INFO tailwindcss_oxide::scanner: Reading "/home/z/my-project/tool-results/bash_1786569997622_d2456dc51b2f.txt"
2026-08-13T01:23:41.845934Z  INFO tailwindcss_oxide::scanner: Reading "/home/z/my-project/tool-results/bash_1786570588451_0917628f0f7b.txt"
2026-08-13T01:23:41.846003Z  INFO tailwindcss_oxide::scanner: Reading "/home/z/my-project/tool-results/grep_1786574050550_7fdad4f57a91.txt"
2026-08-13T01:23:41.846024Z  INFO tailwindcss_oxide::scanner: Reading "/home/z/my-project/tool-results/read_1786583315204_6906b69139ce.txt"
2026-08-13T01:23:41.846087Z  INFO tailwindcss_oxide::scanner: Reading "/home/z/my-project/tool-results/read_1786577044647_961e1e8ee544.txt"
2026-08-13T01:23:41.846145Z  INFO tailwindcss_oxide::scanner: Reading "/home/z/my-project/tool-results/luxury-trends.json"
2026-08-13T01:23:41.846164Z  INFO tailwindcss_oxide::scanner: Reading "/home/z/my-project/tool-results/read_1786569133355_d412a6351e27.txt"
2026-08-13T01:23:41.846224Z  INFO tailwindcss_oxide::scanner: Reading "/home/z/my-project/nilov-catering/research/CATERING_WEBSITE_RESEARCH_V3.md"
2026-08-13T01:23:41.846255Z  INFO tailwindcss_oxide::scanner: Reading "/home/z/my-project/tool-results/read_1786579612663_71b2fcfbecab.txt"
2026-08-13T01:23:41.846324Z  INFO tailwindcss_oxide::scanner: Reading "/home/z/my-project/tool-results/read_1786583309827_176344afafb1.txt"
2026-08-13T01:23:41.846338Z  INFO tailwindcss_oxide::scanner: Reading "/home/z/my-project/tool-results/read_1786583323049_176344afafb1.txt"
2026-08-13T01:23:41.846359Z  INFO tailwindcss_oxide::scanner: Reading "/home/z/my-project/tool-results/read_1786574037137_e65b0689e2ae.txt"
2026-08-13T01:23:41.846398Z  INFO tailwindcss_oxide::scanner: Reading "/home/z/my-project/tool-results/read_1786583331114_176344afafb1.txt"
2026-08-13T01:23:41.846413Z  INFO tailwindcss_oxide::scanner: Reading "/home/z/my-project/tool-results/read_1786576491983_baff04520c95.txt"
2026-08-13T01:23:41.846450Z  INFO tailwindcss_oxide::scanner: Reading "/home/z/my-project/tool-results/bash_1786569131978_bbf1cdea3272.txt"
2026-08-13T01:23:41.846542Z  INFO tailwindcss_oxide::scanner: Reading "/home/z/my-project/tool-results/read_1786577064083_961e1e8ee544.txt"
2026-08-13T01:23:41.846617Z  INFO tailwindcss_oxide::scanner: Reading "/home/z/my-project/tool-results/bash_1786571227203_5fce661ecee7.txt"
2026-08-13T01:23:41.846651Z  INFO tailwindcss_oxide::scanner: Reading "/home/z/my-project/tool-results/read_1786577045953_961e1e8ee544.txt"
2026-08-13T01:23:41.846705Z  INFO tailwindcss_oxide::scanner: Reading "/home/z/my-project/tool-results/grep_1786574044546_f0b9b9070d2b.txt"
2026-08-13T01:23:41.846913Z  INFO tailwindcss_oxide::scanner: Reading "/home/z/my-project/tool-results/read_1786573157542_a91e99f27daa.txt"
2026-08-13T01:23:41.847047Z  INFO tailwindcss_oxide::scanner: Reading "/home/z/my-project/nilov-catering/research/checkpoints/interfood_main_clean.txt"
2026-08-13T01:23:41.847063Z  INFO tailwindcss_oxide::scanner: Reading "/home/z/my-project/nilov-catering/research/checkpoints/interfood_menu_clean.txt"
2026-08-13T01:23:41.847079Z  INFO tailwindcss_oxide::scanner: Reading "/home/z/my-project/nilov-catering/research/STRUCTURE/CRITIC_COMMISSION_20_B2B.md"
2026-08-13T01:23:41.847093Z  INFO tailwindcss_oxide::scanner: Reading "/home/z/my-project/tool-results/bash_1786568043575_fcee6e269061.txt"
2026-08-13T01:23:41.847108Z  INFO tailwindcss_oxide::scanner: Reading "/home/z/my-project/.zscripts/dev.pid"
2026-08-13T01:23:41.847114Z  INFO tailwindcss_oxide::scanner: Reading "/home/z/my-project/.zscripts/mini-services-build.sh"
2026-08-13T01:23:41.847129Z  INFO tailwindcss_oxide::scanner: Reading "/home/z/my-project/nilov-catering/research/STRUCTURE/CRITIC_W4_C2_MOTION.md"
2026-08-13T01:23:41.847132Z  INFO tailwindcss_oxide::scanner: Reading "/home/z/my-project/.zscripts/build.sh"
2026-08-13T01:23:41.847146Z  INFO tailwindcss_oxide::scanner: Reading "/home/z/my-project/.zscripts/mini-services-start.sh"
2026-08-13T01:23:41.847151Z  INFO tailwindcss_oxide::scanner: Reading "/home/z/my-project/.zscripts/database-runtime-build.sh"
2026-08-13T01:23:41.847155Z  INFO tailwindcss_oxide::scanner: Reading "/home/z/my-project/nilov-catering/research/STRUCTURE/CRITIC_COMMISSION_11_VISUAL.md"
2026-08-13T01:23:41.847158Z  INFO tailwindcss_oxide::scanner: Reading "/home/z/my-project/.zscripts/dev.sh"
2026-08-13T01:23:41.847165Z  INFO tailwindcss_oxide::scanner: Reading "/home/z/my-project/.zscripts/mini-services-install.sh"
2026-08-13T01:23:41.847171Z  INFO tailwindcss_oxide::scanner: Reading "/home/z/my-project/.zscripts/python-runtime-build.sh"
2026-08-13T01:23:41.847178Z  INFO tailwindcss_oxide::scanner: Reading "/home/z/my-project/.zscripts/start.sh"
2026-08-13T01:23:41.847185Z  INFO tailwindcss_oxide::scanner: Reading "/home/z/my-project/tsconfig.json"
2026-08-13T01:23:41.847192Z  INFO tailwindcss_oxide::scanner: Reading "/home/z/my-project/package.json"
2026-08-13T01:23:41.847209Z  INFO tailwindcss_oxide::scanner: Reading "/home/z/my-project/nilov-catering/research/STRUCTURE/ITER5_RECHECK_AI.md"
2026-08-13T01:23:41.847226Z  INFO tailwindcss_oxide::scanner: Reading "/home/z/my-project/worklog.md"
2026-08-13T01:23:41.847245Z  INFO tailwindcss_oxide::scanner: Reading "/home/z/my-project/nilov-catering/research/STRUCTURE/CRITIC_COMMISSION_09_DECISION.md"
2026-08-13T01:23:41.847288Z  INFO tailwindcss_oxide::scanner: Reading "/home/z/my-project/nilov-catering/research/STRUCTURE/ITER3_FIXES_W3.md"
2026-08-13T01:23:41.847311Z  INFO tailwindcss_oxide::scanner: Reading "/home/z/my-project/next.config.ts"
2026-08-13T01:23:41.847319Z  INFO tailwindcss_oxide::scanner: Reading "/home/z/my-project/public/robots.txt"
2026-08-13T01:23:41.847319Z  INFO tailwindcss_oxide::scanner: Reading "/home/z/my-project/nilov-catering/research/STRUCTURE/33_UXSIM_BORIS.md"
2026-08-13T01:23:41.847326Z  INFO tailwindcss_oxide::scanner: Reading "/home/z/my-project/public/logo.svg"
2026-08-13T01:23:41.847332Z  INFO tailwindcss_oxide::scanner: Reading "/home/z/my-project/tailwind.config.ts"
2026-08-13T01:23:41.847346Z  INFO tailwindcss_oxide::scanner: Reading "/home/z/my-project/nilov-catering/research/STRUCTURE/13_BENCHMARK_SYNTHESIS.md"
2026-08-13T01:23:41.847356Z  INFO tailwindcss_oxide::scanner: Reading "/home/z/my-project/nilov-catering/research/STRUCTURE/ITER3_RECHECK_TRUST.md"
2026-08-13T01:23:41.847360Z  INFO tailwindcss_oxide::scanner: Reading "/home/z/my-project/nilov-catering/research/STRUCTURE/33_UXSIM_ANNA.md"
2026-08-13T01:23:41.847389Z  INFO tailwindcss_oxide::scanner: Reading "/home/z/my-project/nilov-catering/research/STRUCTURE/36_DESIGNCRITIC_A_FOUNDATION.md"
2026-08-13T01:23:41.847397Z  INFO tailwindcss_oxide::scanner: Reading "/home/z/my-project/nilov-catering/research/STRUCTURE/00_PLAN.md"
2026-08-13T01:23:41.847427Z  INFO tailwindcss_oxide::scanner: Reading "/home/z/my-project/nilov-catering/research/STRUCTURE/CRITIC_W7_C1_VISUAL.md"
2026-08-13T01:23:41.847433Z  INFO tailwindcss_oxide::scanner: Reading "/home/z/my-project/nilov-catering/research/STRUCTURE/43_NAV_SPEC.md"
2026-08-13T01:23:41.847446Z  INFO tailwindcss_oxide::scanner: Reading "/home/z/my-project/nilov-catering/research/STRUCTURE/33_UXSIM_DIMA.md"
2026-08-13T01:23:41.847457Z  INFO tailwindcss_oxide::scanner: Reading "/home/z/my-project/nilov-catering/research/STRUCTURE/CRITIC_COMMISSION_05_MARKETING.md"
2026-08-13T01:23:41.847480Z  INFO tailwindcss_oxide::scanner: Reading "/home/z/my-project/nilov-catering/research/STRUCTURE/ITER4_RECHECK_A11Y.md"
2026-08-13T01:23:41.847489Z  INFO tailwindcss_oxide::scanner: Reading "/home/z/my-project/nilov-catering/research/STRUCTURE/33_UXSIM_ELENA.md"
2026-08-13T01:23:41.847508Z  INFO tailwindcss_oxide::scanner: Reading "/home/z/my-project/nilov-catering/research/STRUCTURE/ITER5_RECHECK_BRAND.md"
2026-08-13T01:23:41.847517Z  INFO tailwindcss_oxide::scanner: Reading "/home/z/my-project/nilov-catering/research/STRUCTURE/33_UXSIM_PROFI.md"
2026-08-13T01:23:41.847529Z  INFO tailwindcss_oxide::scanner: Reading "/home/z/my-project/nilov-catering/research/STRUCTURE/33_UXSIM_GRIGORY.md"
2026-08-13T01:23:41.847546Z  INFO tailwindcss_oxide::scanner: Reading "/home/z/my-project/nilov-catering/research/STRUCTURE/ITER4_FACTGATE.md"
2026-08-13T01:23:41.847553Z  INFO tailwindcss_oxide::scanner: Reading "/home/z/my-project/nilov-catering/research/STRUCTURE/CRITIC_COMMISSION_21_INDUSTRY.md"
2026-08-13T01:23:41.847563Z  INFO tailwindcss_oxide::scanner: Reading "/home/z/my-project/nilov-catering/research/STRUCTURE/37_MOTIONCRITIC_C_INTERACTIVE.md"
2026-08-13T01:23:41.847598Z  INFO tailwindcss_oxide::scanner: Reading "/home/z/my-project/nilov-catering/research/STRUCTURE/CRITIC_W4_C9_GAPS.md"
2026-08-13T01:23:41.847603Z  INFO tailwindcss_oxide::scanner: Reading "/home/z/my-project/nilov-catering/research/STRUCTURE/22_COHERENCE_REPORT.md"
2026-08-13T01:23:41.847610Z  INFO tailwindcss_oxide::scanner: Reading "/home/z/my-project/nilov-catering/research/STRUCTURE/ITER3_FIXES_W2.md"
2026-08-13T01:23:41.847625Z  INFO tailwindcss_oxide::scanner: Reading "/home/z/my-project/nilov-catering/research/STRUCTURE/CRITIC_W6_C6_TRUST.md"
2026-08-13T01:23:41.847638Z  INFO tailwindcss_oxide::scanner: Reading "/home/z/my-project/nilov-catering/research/STRUCTURE/CRITIC_W7_C5_UX.md"
2026-08-13T01:23:41.847655Z  INFO tailwindcss_oxide::scanner: Reading "/home/z/my-project/nilov-catering/research/STRUCTURE/33_UXSIM_ANN.md"
2026-08-13T01:23:41.847660Z  INFO tailwindcss_oxide::scanner: Reading "/home/z/my-project/nilov-catering/research/STRUCTURE/CRITIC_COMMISSION_19_TRUST.md"
2026-08-13T01:23:41.847685Z  INFO tailwindcss_oxide::scanner: Reading "/home/z/my-project/nilov-catering/research/STRUCTURE/CRITIC_W4_C7_TECH.md"
2026-08-13T01:23:41.847689Z  INFO tailwindcss_oxide::scanner: Reading "/home/z/my-project/nilov-catering/research/STRUCTURE/29_POSITIONING.md"
2026-08-13T01:23:41.847704Z  INFO tailwindcss_oxide::scanner: Reading "/home/z/my-project/nilov-catering/research/STRUCTURE/33_UXSIM_PAVEL.md"
2026-08-13T01:23:41.847710Z  INFO tailwindcss_oxide::scanner: Reading "/home/z/my-project/nilov-catering/research/STRUCTURE/CRITIC_W4_C8_COHERENCE.md"
2026-08-13T01:23:41.847718Z  INFO tailwindcss_oxide::scanner: Reading "/home/z/my-project/nilov-catering/research/STRUCTURE/ITER4_RECHECK_IA.md"
2026-08-13T01:23:41.847733Z  INFO tailwindcss_oxide::scanner: Reading "/home/z/my-project/nilov-catering/research/STRUCTURE/ITER3_AI.md"
2026-08-13T01:23:41.847734Z  INFO tailwindcss_oxide::scanner: Reading "/home/z/my-project/nilov-catering/research/STRUCTURE/ITER2_02IA_CHANGES.md"
2026-08-13T01:23:41.847745Z  INFO tailwindcss_oxide::scanner: Reading "/home/z/my-project/nilov-catering/research/STRUCTURE/ITER8_RECHECK_IA.md"
2026-08-13T01:23:41.847763Z  INFO tailwindcss_oxide::scanner: Reading "/home/z/my-project/nilov-catering/research/STRUCTURE/ITER5_RECHECK_TRUST.md"
2026-08-13T01:23:41.847765Z  INFO tailwindcss_oxide::scanner: Reading "/home/z/my-project/nilov-catering/research/STRUCTURE/33_UXSIM_LIZA.md"
2026-08-13T01:23:41.847796Z  INFO tailwindcss_oxide::scanner: Reading "/home/z/my-project/nilov-catering/research/STRUCTURE/23_MENU_STRATEGY.md"
2026-08-13T01:23:41.847796Z  INFO tailwindcss_oxide::scanner: Reading "/home/z/my-project/nilov-catering/research/STRUCTURE/33_UXSIM_NINA.md"
2026-08-13T01:23:41.847825Z  INFO tailwindcss_oxide::scanner: Reading "/home/z/my-project/nilov-catering/research/STRUCTURE/CRITIC_COMMISSION_10_BRAND.md"
2026-08-13T01:23:41.847829Z  INFO tailwindcss_oxide::scanner: Reading "/home/z/my-project/nilov-catering/research/STRUCTURE/CRITIC_W3_C9_GAPS.md"
2026-08-13T01:23:41.847847Z  INFO tailwindcss_oxide::scanner: Reading "/home/z/my-project/nilov-catering/research/STRUCTURE/14_GAP_ANALYSIS.md"
2026-08-13T01:23:41.847857Z  INFO tailwindcss_oxide::scanner: Reading "/home/z/my-project/nilov-catering/research/STRUCTURE/11_GALLERY_TEASER_STORYBOARD.md"
2026-08-13T01:23:41.847872Z  INFO tailwindcss_oxide::scanner: Reading "/home/z/my-project/nilov-catering/research/STRUCTURE/ITER4_FIXES_A11Y.md"
2026-08-13T01:23:41.847879Z  INFO tailwindcss_oxide::scanner: Reading "/home/z/my-project/nilov-catering/research/STRUCTURE/CRITIC_COMMISSION_07_COPY.md"
2026-08-13T01:23:41.847884Z  INFO tailwindcss_oxide::scanner: Reading "/home/z/my-project/nilov-catering/research/STRUCTURE/CRITIC_W7_C3_IA.md"
2026-08-13T01:23:41.847931Z  INFO tailwindcss_oxide::scanner: Reading "/home/z/my-project/nilov-catering/research/STRUCTURE/CRITIC_COMMISSION_26_HUMANFACTORS.md"
2026-08-13T01:23:41.847943Z  INFO tailwindcss_oxide::scanner: Reading "/home/z/my-project/nilov-catering/research/STRUCTURE/CRITIC_COMMISSION_16_PERFORMANCE.md"
2026-08-13T01:23:41.848008Z  INFO tailwindcss_oxide::scanner: Reading "/home/z/my-project/nilov-catering/research/STRUCTURE/33_UXSIM_SVETA.md"
2026-08-13T01:23:41.848019Z  INFO tailwindcss_oxide::scanner: Reading "/home/z/my-project/nilov-catering/research/STRUCTURE/33_UXSIM_ALI.md"
2026-08-13T01:23:41.848029Z  INFO tailwindcss_oxide::scanner: Reading "/home/z/my-project/nilov-catering/research/STRUCTURE/ITER4_RECHECK_SERVICE.md"
2026-08-13T01:23:41.848045Z  INFO tailwindcss_oxide::scanner: Reading "/home/z/my-project/nilov-catering/research/STRUCTURE/CRITIC_W4_C4_BLOCKS.md"
2026-08-13T01:23:41.848062Z  INFO tailwindcss_oxide::scanner: Reading "/home/z/my-project/nilov-catering/research/STRUCTURE/ITER3_IA.md"
2026-08-13T01:23:41.848074Z  INFO tailwindcss_oxide::scanner: Reading "/home/z/my-project/nilov-catering/research/STRUCTURE/36_DESIGNCRITIC_C_MOTION_MEDIA.md"
2026-08-13T01:23:41.848095Z  INFO tailwindcss_oxide::scanner: Reading "/home/z/my-project/nilov-catering/research/STRUCTURE/CRITIC_COMMISSION_15_SEO.md"
2026-08-13T01:23:41.848126Z  INFO tailwindcss_oxide::scanner: Reading "/home/z/my-project/nilov-catering/research/STRUCTURE/ITER7_FIXES_SUMMARY.md"
2026-08-13T01:23:41.848141Z  INFO tailwindcss_oxide::scanner: Reading "/home/z/my-project/nilov-catering/research/STRUCTURE/CRITIC_COMMISSION_22_HOSPITALITY.md"
2026-08-13T01:23:41.848156Z  INFO tailwindcss_oxide::scanner: Reading "/home/z/my-project/nilov-catering/research/STRUCTURE/CRITIC_W7_C9_GAPS.md"
2026-08-13T01:23:41.848179Z  INFO tailwindcss_oxide::scanner: Reading "/home/z/my-project/nilov-catering/research/STRUCTURE/AI_GENERATION_PROMPTS.md"
2026-08-13T01:23:41.848183Z  INFO tailwindcss_oxide::scanner: Reading "/home/z/my-project/nilov-catering/research/STRUCTURE/CRITIC_COMMISSION_29_INTERACTION.md"
2026-08-13T01:23:41.848206Z  INFO tailwindcss_oxide::scanner: Reading "/home/z/my-project/nilov-catering/research/STRUCTURE/CRITIC_W8_C5_UX.md"
2026-08-13T01:23:41.848213Z  INFO tailwindcss_oxide::scanner: Reading "/home/z/my-project/nilov-catering/research/STRUCTURE/33_UXSIM_IGOR.md"
2026-08-13T01:23:41.848228Z  INFO tailwindcss_oxide::scanner: Reading "/home/z/my-project/nilov-catering/research/STRUCTURE/33_UXSIM_TATYANA.md"
2026-08-13T01:23:41.848240Z  INFO tailwindcss_oxide::scanner: Reading "/home/z/my-project/nilov-catering/research/STRUCTURE/27_HOMEPAGE_AUTOVIDEO_TASK.md"
2026-08-13T01:23:41.848252Z  INFO tailwindcss_oxide::scanner: Reading "/home/z/my-project/nilov-catering/research/STRUCTURE/CRITIC_W7_C7_TECH.md"
2026-08-13T01:23:41.848268Z  INFO tailwindcss_oxide::scanner: Reading "/home/z/my-project/nilov-catering/research/STRUCTURE/CRITIC_W5_C2_MOTION.md"
2026-08-13T01:23:41.848280Z  INFO tailwindcss_oxide::scanner: Reading "/home/z/my-project/nilov-catering/research/STRUCTURE/44_CODEREALITY_AUDIT.md"
2026-08-13T01:23:41.848299Z  INFO tailwindcss_oxide::scanner: Reading "/home/z/my-project/nilov-catering/research/STRUCTURE/33_UXSIM_KATYA.md"
2026-08-13T01:23:41.848326Z  INFO tailwindcss_oxide::scanner: Reading "/home/z/my-project/nilov-catering/research/STRUCTURE/CRITIC_W2_C5_UX.md"
2026-08-13T01:23:41.848350Z  INFO tailwindcss_oxide::scanner: Reading "/home/z/my-project/nilov-catering/research/STRUCTURE/CRITIC_W2_C6_TRUST.md"
2026-08-13T01:23:41.848386Z  INFO tailwindcss_oxide::scanner: Reading "/home/z/my-project/nilov-catering/research/STRUCTURE/CRITIC_COMMISSION_18_IA.md"
2026-08-13T01:23:41.848433Z  INFO tailwindcss_oxide::scanner: Reading "/home/z/my-project/nilov-catering/research/STRUCTURE/ITER3_RECHECK_IA.md"
2026-08-13T01:23:41.848464Z  INFO tailwindcss_oxide::scanner: Reading "/home/z/my-project/nilov-catering/research/STRUCTURE/33_UXSIM_OLEG.md"
2026-08-13T01:23:41.848493Z  INFO tailwindcss_oxide::scanner: Reading "/home/z/my-project/nilov-catering/research/STRUCTURE/29B_TRUST_SEG_RECRITIC.md"
2026-08-13T01:23:41.848519Z  INFO tailwindcss_oxide::scanner: Reading "/home/z/my-project/nilov-catering/research/STRUCTURE/27_IA_FINAL.md"
2026-08-13T01:23:41.848521Z  INFO tailwindcss_oxide::scanner: Reading "/home/z/my-project/nilov-catering/research/STRUCTURE/04_BLOCKS.md"
2026-08-13T01:23:41.848534Z  INFO tailwindcss_oxide::scanner: Reading "/home/z/my-project/nilov-catering/research/STRUCTURE/37_MOTIONCRITIC_B_CODE.md"
2026-08-13T01:23:41.848583Z  INFO tailwindcss_oxide::scanner: Reading "/home/z/my-project/nilov-catering/research/STRUCTURE/41_BUILD_CHECKLIST.md"
2026-08-13T01:23:41.848626Z  INFO tailwindcss_oxide::scanner: Reading "/home/z/my-project/nilov-catering/research/STRUCTURE/ITER8_RECHECK_BRAND.md"
2026-08-13T01:23:41.848643Z  INFO tailwindcss_oxide::scanner: Reading "/home/z/my-project/nilov-catering/research/STRUCTURE/03_JOURNEYS.md"
2026-08-13T01:23:41.848659Z  INFO tailwindcss_oxide::scanner: Reading "/home/z/my-project/nilov-catering/research/STRUCTURE/09_HERO_STORYBOARD.md"
2026-08-13T01:23:41.848689Z  INFO tailwindcss_oxide::scanner: Reading "/home/z/my-project/nilov-catering/research/STRUCTURE/CRITIC_COMMISSION_27_CREATIVEDIRECTOR.md"
2026-08-13T01:23:41.848725Z  INFO tailwindcss_oxide::scanner: Reading "/home/z/my-project/nilov-catering/research/STRUCTURE/CRITIC_W4_C1_VISUAL.md"
2026-08-13T01:23:41.848738Z  INFO tailwindcss_oxide::scanner: Reading "/home/z/my-project/nilov-catering/research/STRUCTURE/19B_ITER2_CRITIC_REPORT.md"
2026-08-13T01:23:41.848774Z  INFO tailwindcss_oxide::scanner: Reading "/home/z/my-project/nilov-catering/research/STRUCTURE/40_BUILDDOC_CRITIC.md"
2026-08-13T01:23:41.848803Z  INFO tailwindcss_oxide::scanner: Reading "/home/z/my-project/nilov-catering/research/STRUCTURE/21_LOGIC_AUDIT.md"
2026-08-13T01:23:41.848841Z  INFO tailwindcss_oxide::scanner: Reading "/home/z/my-project/nilov-catering/research/STRUCTURE/C6_TRUST_FACTCHECK_CRITIC.md"
2026-08-13T01:23:41.848861Z  INFO tailwindcss_oxide::scanner: Reading "/home/z/my-project/nilov-catering/research/STRUCTURE/ITER3_BRAND.md"
2026-08-13T01:23:41.848899Z  INFO tailwindcss_oxide::scanner: Reading "/home/z/my-project/nilov-catering/research/STRUCTURE/01_VISUAL_DNA.md"
2026-08-13T01:23:41.848929Z  INFO tailwindcss_oxide::scanner: Reading "/home/z/my-project/nilov-catering/research/STRUCTURE/SERVICE_DELIVERY_SPEC.md"
2026-08-13T01:23:41.848954Z  INFO tailwindcss_oxide::scanner: Reading "/home/z/my-project/nilov-catering/research/STRUCTURE/10_FORMAT_SHOWCASE_STORYBOARD.md"
2026-08-13T01:23:41.848964Z  INFO tailwindcss_oxide::scanner: Reading "/home/z/my-project/nilov-catering/research/STRUCTURE/45_FACTCHECK_AUDIT.md"
2026-08-13T01:23:41.848973Z  INFO tailwindcss_oxide::scanner: Reading "/home/z/my-project/nilov-catering/research/STRUCTURE/26_VIDEO_ARCHIVE_TASK.md"
2026-08-13T01:23:41.849006Z  INFO tailwindcss_oxide::scanner: Reading "/home/z/my-project/nilov-catering/research/STRUCTURE/CRITIC_W5_C4_BLOCKS.md"
2026-08-13T01:23:41.849020Z  INFO tailwindcss_oxide::scanner: Reading "/home/z/my-project/nilov-catering/research/STRUCTURE/CRITIC_W7_C8_COHERENCE.md"
2026-08-13T01:23:41.849037Z  INFO tailwindcss_oxide::scanner: Reading "/home/z/my-project/nilov-catering/research/STRUCTURE/12_BLOCK_EXECUTOR_PROMPT.md"
2026-08-13T01:23:41.849060Z  INFO tailwindcss_oxide::scanner: Reading "/home/z/my-project/nilov-catering/research/STRUCTURE/CRITIC_W1_C3_IA.md"
2026-08-13T01:23:41.849092Z  INFO tailwindcss_oxide::scanner: Reading "/home/z/my-project/nilov-catering/research/STRUCTURE/33_UXSIM_ARTYOM.md"
2026-08-13T01:23:41.849126Z  INFO tailwindcss_oxide::scanner: Reading "/home/z/my-project/nilov-catering/research/STRUCTURE/ITER3_RECHECK_A11Y.md"
2026-08-13T01:23:41.849152Z  INFO tailwindcss_oxide::scanner: Reading "/home/z/my-project/nilov-catering/research/STRUCTURE/39_CANON_INDEX.md"
2026-08-13T01:23:41.849168Z  INFO tailwindcss_oxide::scanner: Reading "/home/z/my-project/nilov-catering/research/STRUCTURE/35_HANDOFF.md"
2026-08-13T01:23:41.849187Z  INFO tailwindcss_oxide::scanner: Reading "/home/z/my-project/nilov-catering/research/STRUCTURE/ITER4_RECHECK_BRAND.md"
2026-08-13T01:23:41.849220Z  INFO tailwindcss_oxide::scanner: Reading "/home/z/my-project/nilov-catering/research/STRUCTURE/01_VISUAL_STYLE_GUIDE.md"
2026-08-13T01:23:41.849250Z  INFO tailwindcss_oxide::scanner: Reading "/home/z/my-project/nilov-catering/research/STRUCTURE/CRITIC_COMMISSION_04_PRODUCT.md"
2026-08-13T01:23:41.849273Z  INFO tailwindcss_oxide::scanner: Reading "/home/z/my-project/nilov-catering/research/STRUCTURE/CRITIC_COMMISSION_13_FRONTEND.md"
2026-08-13T01:23:41.849282Z  INFO tailwindcss_oxide::scanner: Reading "/home/z/my-project/nilov-catering/research/STRUCTURE/33_UXSIM_VIKTOR.md"
2026-08-13T01:23:41.849297Z  INFO tailwindcss_oxide::scanner: Reading "/home/z/my-project/nilov-catering/research/STRUCTURE/28_HEROCRITIC_LIVINGPHOTO.md"
2026-08-13T01:23:41.849322Z  INFO tailwindcss_oxide::scanner: Reading "/home/z/my-project/nilov-catering/research/STRUCTURE/CRITIC_W5_C6_TRUST.md"
2026-08-13T01:23:41.849334Z  INFO tailwindcss_oxide::scanner: Reading "/home/z/my-project/nilov-catering/research/STRUCTURE/CRITIC_COMMISSION_24_COMPETITIVE.md"
2026-08-13T01:23:41.849344Z  INFO tailwindcss_oxide::scanner: Reading "/home/z/my-project/nilov-catering/research/STRUCTURE/GAPHUNTER_WAVE2A_FINAL.md"
2026-08-13T01:23:41.849367Z  INFO tailwindcss_oxide::scanner: Reading "/home/z/my-project/nilov-catering/research/STRUCTURE/ITER6_RECHECK_A11Y.md"
2026-08-13T01:23:41.849370Z  INFO tailwindcss_oxide::scanner: Reading "/home/z/my-project/nilov-catering/research/STRUCTURE/ITER4_FIXES_AI.md"
2026-08-13T01:23:41.849384Z  INFO tailwindcss_oxide::scanner: Reading "/home/z/my-project/nilov-catering/research/STRUCTURE/29_CMS_CRITIC.md"
2026-08-13T01:23:41.849399Z  INFO tailwindcss_oxide::scanner: Reading "/home/z/my-project/nilov-catering/research/STRUCTURE/46_GAPHUNTER_AUDIT.md"
2026-08-13T01:23:41.849405Z  INFO tailwindcss_oxide::scanner: Reading "/home/z/my-project/nilov-catering/research/STRUCTURE/36_DESIGNCRITIC_B_BLOCKS.md"
2026-08-13T01:23:41.849410Z  INFO tailwindcss_oxide::scanner: Reading "/home/z/my-project/nilov-catering/research/STRUCTURE/CRITIC_W7_C6_TRUST_FULL.md"
2026-08-13T01:23:41.849426Z  INFO tailwindcss_oxide::scanner: Reading "/home/z/my-project/nilov-catering/research/STRUCTURE/BENCHMARK_CRITIC_2026.md"
2026-08-13T01:23:41.849472Z  INFO tailwindcss_oxide::scanner: Reading "/home/z/my-project/nilov-catering/research/STRUCTURE/33_UXSIM_KAMILA.md"
2026-08-13T01:23:41.849474Z  INFO tailwindcss_oxide::scanner: Reading "/home/z/my-project/nilov-catering/research/STRUCTURE/16_BLOCK_BENCHMARKS.md"
2026-08-13T01:23:41.849499Z  INFO tailwindcss_oxide::scanner: Reading "/home/z/my-project/nilov-catering/research/STRUCTURE/ITER4_FIX_40_02.md"
2026-08-13T01:23:41.849517Z  INFO tailwindcss_oxide::scanner: Reading "/home/z/my-project/nilov-catering/research/STRUCTURE/ITER8_FIXES.md"
2026-08-13T01:23:41.849522Z  INFO tailwindcss_oxide::scanner: Reading "/home/z/my-project/nilov-catering/research/STRUCTURE/ITER3_SERVICE.md"
2026-08-13T01:23:41.849537Z  INFO tailwindcss_oxide::scanner: Reading "/home/z/my-project/nilov-catering/research/STRUCTURE/CRITIC_W7_C4_BLOCKS.md"
2026-08-13T01:23:41.849541Z  INFO tailwindcss_oxide::scanner: Reading "/home/z/my-project/nilov-catering/research/STRUCTURE/ITER8_RECHECK_SERVICE.md"
2026-08-13T01:23:41.849565Z  INFO tailwindcss_oxide::scanner: Reading "/home/z/my-project/nilov-catering/research/STRUCTURE/33_UXSIM_ROMAN.md"
2026-08-13T01:23:41.849586Z  INFO tailwindcss_oxide::scanner: Reading "/home/z/my-project/nilov-catering/research/STRUCTURE/MOTION_SPEC.md"
2026-08-13T01:23:41.849626Z  INFO tailwindcss_oxide::scanner: Reading "/home/z/my-project/nilov-catering/research/STRUCTURE/08_CONSTRUCTOR_SPEC.md"
2026-08-13T01:23:41.849673Z  INFO tailwindcss_oxide::scanner: Reading "/home/z/my-project/nilov-catering/research/STRUCTURE/CRITIC_W1_C1_VISUAL.md"
2026-08-13T01:23:41.849690Z  INFO tailwindcss_oxide::scanner: Reading "/home/z/my-project/nilov-catering/research/STRUCTURE/29_TRUST_SEG_CRITIC.md"
2026-08-13T01:23:41.849712Z  INFO tailwindcss_oxide::scanner: Reading "/home/z/my-project/nilov-catering/research/STRUCTURE/ITER5_RECHECK_IA.md"
2026-08-13T01:23:41.849769Z  INFO tailwindcss_oxide::scanner: Reading "/home/z/my-project/nilov-catering/research/STRUCTURE/CRITIC_COMMISSION_08_BEHAVIORAL.md"
2026-08-13T01:23:41.849889Z  INFO extract_candidates:read_all_files: tailwindcss_oxide::scanner: exit
2026-08-13T01:23:41.849902Z  INFO extract_candidates:parse_all_blobs: tailwindcss_oxide::scanner: enter
2026-08-13T01:23:41.849905Z  INFO extract_candidates:parse_all_blobs:extract: tailwindcss_oxide::scanner: enter
2026-08-13T01:23:41.970347Z  INFO extract_candidates:parse_all_blobs:extract: tailwindcss_oxide::scanner: exit
2026-08-13T01:23:41.970654Z  INFO extract_candidates:parse_all_blobs: tailwindcss_oxide::scanner: exit
2026-08-13T01:23:41.970663Z  INFO extract_candidates:read_all_files: tailwindcss_oxide::scanner: enter
2026-08-13T01:23:41.970666Z  INFO extract_candidates:read_all_files: tailwindcss_oxide::scanner: Reading 3 file(s)
2026-08-13T01:23:41.970745Z  INFO tailwindcss_oxide::scanner: Reading "/home/z/my-project/nilov-catering/public/styles/print.css"
2026-08-13T01:23:41.970762Z  INFO tailwindcss_oxide::scanner: Reading "/home/z/my-project/src/app/globals.css"
2026-08-13T01:23:41.970768Z  INFO tailwindcss_oxide::scanner: Reading "/home/z/my-project/nilov-catering/app/globals.css"
2026-08-13T01:23:41.970803Z  INFO extract_candidates:read_all_files: tailwindcss_oxide::scanner: exit
2026-08-13T01:23:41.970806Z  INFO extract_candidates:extract_css_variables: tailwindcss_oxide::scanner: enter
2026-08-13T01:23:41.970808Z  INFO extract_candidates:extract_css_variables:extract: tailwindcss_oxide::scanner: enter
2026-08-13T01:23:41.970941Z  INFO extract_candidates:extract_css_variables:extract: tailwindcss_oxide::scanner: exit
2026-08-13T01:23:41.970945Z  INFO extract_candidates:extract_css_variables: tailwindcss_oxide::scanner: exit
2026-08-13T01:23:41.974017Z  INFO extract_candidates: tailwindcss_oxide::scanner: exit
2026-08-13T01:23:41.981410Z  INFO get_files: tailwindcss_oxide::scanner: enter
2026-08-13T01:23:41.981431Z  INFO get_files:scan_sources: tailwindcss_oxide::scanner: enter
2026-08-13T01:23:41.982080Z  INFO get_files:scan_sources: tailwindcss_oxide::scanner: Discovering "/home/z/my-project/upload"
2026-08-13T01:23:41.990039Z  INFO get_files:scan_sources: tailwindcss_oxide::scanner: Discovering "/home/z/my-project/prisma"
2026-08-13T01:23:41.990131Z  INFO get_files:scan_sources: tailwindcss_oxide::scanner: Discovering "/home/z/my-project/db"
2026-08-13T01:23:41.990162Z  INFO get_files:scan_sources: tailwindcss_oxide::scanner: Discovering "/home/z/my-project/nilov-catering"
2026-08-13T01:23:41.990474Z  INFO get_files:scan_sources: tailwindcss_oxide::scanner: Discovering "/home/z/my-project/nilov-catering/hooks"
2026-08-13T01:23:41.990530Z  INFO get_files:scan_sources: tailwindcss_oxide::scanner: Discovering "/home/z/my-project/nilov-catering/audit-reports"
2026-08-13T01:23:41.990560Z  INFO get_files:scan_sources: tailwindcss_oxide::scanner: Discovering "/home/z/my-project/nilov-catering/snapshots-w90"
2026-08-13T01:23:41.990602Z  INFO get_files:scan_sources: tailwindcss_oxide::scanner: Discovering "/home/z/my-project/nilov-catering/snapshots-v7-resized"
2026-08-13T01:23:41.990643Z  INFO get_files:scan_sources: tailwindcss_oxide::scanner: Discovering "/home/z/my-project/nilov-catering/lib"
2026-08-13T01:23:41.990769Z  INFO get_files:scan_sources: tailwindcss_oxide::scanner: Discovering "/home/z/my-project/nilov-catering/critic-hybrid"
2026-08-13T01:23:41.990821Z  INFO get_files:scan_sources: tailwindcss_oxide::scanner: Discovering "/home/z/my-project/nilov-catering/snapshots-v3"
2026-08-13T01:23:41.990865Z  INFO get_files:scan_sources: tailwindcss_oxide::scanner: Discovering "/home/z/my-project/nilov-catering/app"
2026-08-13T01:23:41.990894Z  INFO get_files:scan_sources: tailwindcss_oxide::scanner: Discovering "/home/z/my-project/nilov-catering/app/thank-you"
2026-08-13T01:23:41.990922Z  INFO get_files:scan_sources: tailwindcss_oxide::scanner: Discovering "/home/z/my-project/nilov-catering/app/blog"
2026-08-13T01:23:41.990942Z  INFO get_files:scan_sources: tailwindcss_oxide::scanner: Discovering "/home/z/my-project/nilov-catering/app/blog/[slug]"
2026-08-13T01:23:41.991010Z  INFO get_files:scan_sources: tailwindcss_oxide::scanner: Discovering "/home/z/my-project/nilov-catering/app/info"
2026-08-13T01:23:41.991029Z  INFO get_files:scan_sources: tailwindcss_oxide::scanner: Discovering "/home/z/my-project/nilov-catering/app/info/degustatsiya"
2026-08-13T01:23:41.991055Z  INFO get_files:scan_sources: tailwindcss_oxide::scanner: Discovering "/home/z/my-project/nilov-catering/app/allergens"
2026-08-13T01:23:41.991077Z  INFO get_files:scan_sources: tailwindcss_oxide::scanner: Discovering "/home/z/my-project/nilov-catering/app/plan"
2026-08-13T01:23:41.991093Z  INFO get_files:scan_sources: tailwindcss_oxide::scanner: Discovering "/home/z/my-project/nilov-catering/app/plan/helper"
2026-08-13T01:23:41.991127Z  INFO get_files:scan_sources: tailwindcss_oxide::scanner: Discovering "/home/z/my-project/nilov-catering/app/plan/calculator"
2026-08-13T01:23:41.991159Z  INFO get_files:scan_sources: tailwindcss_oxide::scanner: Discovering "/home/z/my-project/nilov-catering/app/plan/assistant"
2026-08-13T01:23:41.991179Z  INFO get_files:scan_sources: tailwindcss_oxide::scanner: Discovering "/home/z/my-project/nilov-catering/app/plan/constructor"
2026-08-13T01:23:41.991202Z  INFO get_files:scan_sources: tailwindcss_oxide::scanner: Discovering "/home/z/my-project/nilov-catering/app/offer"
2026-08-13T01:23:41.991227Z  INFO get_files:scan_sources: tailwindcss_oxide::scanner: Discovering "/home/z/my-project/nilov-catering/app/certificates"
2026-08-13T01:23:41.991246Z  INFO get_files:scan_sources: tailwindcss_oxide::scanner: Discovering "/home/z/my-project/nilov-catering/app/media-kit"
2026-08-13T01:23:41.991268Z  INFO get_files:scan_sources: tailwindcss_oxide::scanner: Discovering "/home/z/my-project/nilov-catering/app/admin"
2026-08-13T01:23:41.991284Z  INFO get_files:scan_sources: tailwindcss_oxide::scanner: Discovering "/home/z/my-project/nilov-catering/app/admin/[collection]"
2026-08-13T01:23:41.991323Z  INFO get_files:scan_sources: tailwindcss_oxide::scanner: Discovering "/home/z/my-project/nilov-catering/app/help"
2026-08-13T01:23:41.991338Z  INFO get_files:scan_sources: tailwindcss_oxide::scanner: Discovering "/home/z/my-project/nilov-catering/app/help/formats"
2026-08-13T01:23:41.991360Z  INFO get_files:scan_sources: tailwindcss_oxide::scanner: Discovering "/home/z/my-project/nilov-catering/app/api"
2026-08-13T01:23:41.991380Z  INFO get_files:scan_sources: tailwindcss_oxide::scanner: Discovering "/home/z/my-project/nilov-catering/app/api/quote"
2026-08-13T01:23:41.991400Z  INFO get_files:scan_sources: tailwindcss_oxide::scanner: Discovering "/home/z/my-project/nilov-catering/app/api/admin"
2026-08-13T01:23:41.991420Z  INFO get_files:scan_sources: tailwindcss_oxide::scanner: Discovering "/home/z/my-project/nilov-catering/app/api/health"
2026-08-13T01:23:41.991442Z  INFO get_files:scan_sources: tailwindcss_oxide::scanner: Discovering "/home/z/my-project/nilov-catering/app/api/cms"
2026-08-13T01:23:41.991459Z  INFO get_files:scan_sources: tailwindcss_oxide::scanner: Discovering "/home/z/my-project/nilov-catering/app/api/cms/[collection]"
2026-08-13T01:23:41.991491Z  INFO get_files:scan_sources: tailwindcss_oxide::scanner: Discovering "/home/z/my-project/nilov-catering/app/api/calculate"
2026-08-13T01:23:41.991512Z  INFO get_files:scan_sources: tailwindcss_oxide::scanner: Discovering "/home/z/my-project/nilov-catering/app/api/templates"
2026-08-13T01:23:41.991528Z  INFO get_files:scan_sources: tailwindcss_oxide::scanner: Discovering "/home/z/my-project/nilov-catering/app/api/templates/[doc]"
2026-08-13T01:23:41.991554Z  INFO get_files:scan_sources: tailwindcss_oxide::scanner: Discovering "/home/z/my-project/nilov-catering/app/api/contact"
2026-08-13T01:23:41.991576Z  INFO get_files:scan_sources: tailwindcss_oxide::scanner: Discovering "/home/z/my-project/nilov-catering/app/api/newsletter"
2026-08-13T01:23:41.991609Z  INFO get_files:scan_sources: tailwindcss_oxide::scanner: Discovering "/home/z/my-project/nilov-catering/app/reviews"
2026-08-13T01:23:41.991634Z  INFO get_files:scan_sources: tailwindcss_oxide::scanner: Discovering "/home/z/my-project/nilov-catering/app/cookies"
2026-08-13T01:23:41.991653Z  INFO get_files:scan_sources: tailwindcss_oxide::scanner: Discovering "/home/z/my-project/nilov-catering/app/gallery"
2026-08-13T01:23:41.991688Z  INFO get_files:scan_sources: tailwindcss_oxide::scanner: Discovering "/home/z/my-project/nilov-catering/app/pricing"
2026-08-13T01:23:41.991703Z  INFO get_files:scan_sources: tailwindcss_oxide::scanner: Discovering "/home/z/my-project/nilov-catering/app/pricing/pdf"
2026-08-13T01:23:41.991731Z  INFO get_files:scan_sources: tailwindcss_oxide::scanner: Discovering "/home/z/my-project/nilov-catering/app/seasonal"
2026-08-13T01:23:41.991748Z  INFO get_files:scan_sources: tailwindcss_oxide::scanner: Discovering "/home/z/my-project/nilov-catering/app/seasonal/bbq"
2026-08-13T01:23:41.991774Z  INFO get_files:scan_sources: tailwindcss_oxide::scanner: Discovering "/home/z/my-project/nilov-catering/app/seasonal/maslenitsa"
2026-08-13T01:23:41.991794Z  INFO get_files:scan_sources: tailwindcss_oxide::scanner: Discovering "/home/z/my-project/nilov-catering/app/seasonal/new-year"
2026-08-13T01:23:41.991814Z  INFO get_files:scan_sources: tailwindcss_oxide::scanner: Discovering "/home/z/my-project/nilov-catering/app/menu"
2026-08-13T01:23:41.991835Z  INFO get_files:scan_sources: tailwindcss_oxide::scanner: Discovering "/home/z/my-project/nilov-catering/app/menu/bar"
2026-08-13T01:23:41.991857Z  INFO get_files:scan_sources: tailwindcss_oxide::scanner: Discovering "/home/z/my-project/nilov-catering/app/menu/gluten-free"
2026-08-13T01:23:41.991884Z  INFO get_files:scan_sources: tailwindcss_oxide::scanner: Discovering "/home/z/my-project/nilov-catering/app/menu/vegan"
2026-08-13T01:23:41.991908Z  INFO get_files:scan_sources: tailwindcss_oxide::scanner: Discovering "/home/z/my-project/nilov-catering/app/menu/catalog"
2026-08-13T01:23:41.991932Z  INFO get_files:scan_sources: tailwindcss_oxide::scanner: Discovering "/home/z/my-project/nilov-catering/app/menu/halal"
2026-08-13T01:23:41.991959Z  INFO get_files:scan_sources: tailwindcss_oxide::scanner: Discovering "/home/z/my-project/nilov-catering/app/menu/furshet"
2026-08-13T01:23:41.991995Z  INFO get_files:scan_sources: tailwindcss_oxide::scanner: Discovering "/home/z/my-project/nilov-catering/app/menu/detskoe"
2026-08-13T01:23:41.992027Z  INFO get_files:scan_sources: tailwindcss_oxide::scanner: Discovering "/home/z/my-project/nilov-catering/app/menu/coffee-break"
2026-08-13T01:23:41.992055Z  INFO get_files:scan_sources: tailwindcss_oxide::scanner: Discovering "/home/z/my-project/nilov-catering/app/menu/show-cooking"
2026-08-13T01:23:41.992080Z  INFO get_files:scan_sources: tailwindcss_oxide::scanner: Discovering "/home/z/my-project/nilov-catering/app/menu/[format]"
2026-08-13T01:23:41.992096Z  INFO get_files:scan_sources: tailwindcss_oxide::scanner: Discovering "/home/z/my-project/nilov-catering/app/menu/[format]/pdf"
2026-08-13T01:23:41.992121Z  INFO get_files:scan_sources: tailwindcss_oxide::scanner: Discovering "/home/z/my-project/nilov-catering/app/menu/banquet"
2026-08-13T01:23:41.992155Z  INFO get_files:scan_sources: tailwindcss_oxide::scanner: Discovering "/home/z/my-project/nilov-catering/app/subscribe"
2026-08-13T01:23:41.992185Z  INFO get_files:scan_sources: tailwindcss_oxide::scanner: Discovering "/home/z/my-project/nilov-catering/app/venues"
2026-08-13T01:23:41.992204Z  INFO get_files:scan_sources: tailwindcss_oxide::scanner: Discovering "/home/z/my-project/nilov-catering/app/careers"
2026-08-13T01:23:41.992228Z  INFO get_files:scan_sources: tailwindcss_oxide::scanner: Discovering "/home/z/my-project/nilov-catering/app/team"
2026-08-13T01:23:41.992251Z  INFO get_files:scan_sources: tailwindcss_oxide::scanner: Discovering "/home/z/my-project/nilov-catering/app/why-us"
2026-08-13T01:23:41.992281Z  INFO get_files:scan_sources: tailwindcss_oxide::scanner: Discovering "/home/z/my-project/nilov-catering/app/account"
2026-08-13T01:23:41.992295Z  INFO get_files:scan_sources: tailwindcss_oxide::scanner: Discovering "/home/z/my-project/nilov-catering/app/account/orders"
2026-08-13T01:23:41.992316Z  INFO get_files:scan_sources: tailwindcss_oxide::scanner: Discovering "/home/z/my-project/nilov-catering/app/privacy"
2026-08-13T01:23:41.992339Z  INFO get_files:scan_sources: tailwindcss_oxide::scanner: Discovering "/home/z/my-project/nilov-catering/app/delivery"
2026-08-13T01:23:41.992357Z  INFO get_files:scan_sources: tailwindcss_oxide::scanner: Discovering "/home/z/my-project/nilov-catering/app/delivery/order"
2026-08-13T01:23:41.992382Z  INFO get_files:scan_sources: tailwindcss_oxide::scanner: Discovering "/home/z/my-project/nilov-catering/app/en"
2026-08-13T01:23:41.992419Z  INFO get_files:scan_sources: tailwindcss_oxide::scanner: Discovering "/home/z/my-project/nilov-catering/app/partners"
2026-08-13T01:23:41.992438Z  INFO get_files:scan_sources: tailwindcss_oxide::scanner: Discovering "/home/z/my-project/nilov-catering/app/accessibility"
2026-08-13T01:23:41.992460Z  INFO get_files:scan_sources: tailwindcss_oxide::scanner: Discovering "/home/z/my-project/nilov-catering/app/contact"
2026-08-13T01:23:41.992487Z  INFO get_files:scan_sources: tailwindcss_oxide::scanner: Discovering "/home/z/my-project/nilov-catering/app/faq"
2026-08-13T01:23:41.992510Z  INFO get_files:scan_sources: tailwindcss_oxide::scanner: Discovering "/home/z/my-project/nilov-catering/app/terms"
2026-08-13T01:23:41.992531Z  INFO get_files:scan_sources: tailwindcss_oxide::scanner: Discovering "/home/z/my-project/nilov-catering/app/tasting"
2026-08-13T01:23:41.992551Z  INFO get_files:scan_sources: tailwindcss_oxide::scanner: Discovering "/home/z/my-project/nilov-catering/app/events"
2026-08-13T01:23:41.992572Z  INFO get_files:scan_sources: tailwindcss_oxide::scanner: Discovering "/home/z/my-project/nilov-catering/app/events/detskoe"
2026-08-13T01:23:41.992598Z  INFO get_files:scan_sources: tailwindcss_oxide::scanner: Discovering "/home/z/my-project/nilov-catering/app/events/chef-at-home"
2026-08-13T01:23:41.992622Z  INFO get_files:scan_sources: tailwindcss_oxide::scanner: Discovering "/home/z/my-project/nilov-catering/app/events/svadba"
2026-08-13T01:23:41.992645Z  INFO get_files:scan_sources: tailwindcss_oxide::scanner: Discovering "/home/z/my-project/nilov-catering/app/events/recap"
2026-08-13T01:23:41.992672Z  INFO get_files:scan_sources: tailwindcss_oxide::scanner: Discovering "/home/z/my-project/nilov-catering/app/events/korporativ"
2026-08-13T01:23:41.992693Z  INFO get_files:scan_sources: tailwindcss_oxide::scanner: Discovering "/home/z/my-project/nilov-catering/app/events/pominki"
2026-08-13T01:23:41.992716Z  INFO get_files:scan_sources: tailwindcss_oxide::scanner: Discovering "/home/z/my-project/nilov-catering/app/events/vypusknoy"
2026-08-13T01:23:41.992740Z  INFO get_files:scan_sources: tailwindcss_oxide::scanner: Discovering "/home/z/my-project/nilov-catering/app/events/yubiley"
2026-08-13T01:23:41.992760Z  INFO get_files:scan_sources: tailwindcss_oxide::scanner: Discovering "/home/z/my-project/nilov-catering/app/events/chastnoe"
2026-08-13T01:23:41.992786Z  INFO get_files:scan_sources: tailwindcss_oxide::scanner: Discovering "/home/z/my-project/nilov-catering/app/events/nikah"
2026-08-13T01:23:41.992820Z  INFO get_files:scan_sources: tailwindcss_oxide::scanner: Discovering "/home/z/my-project/nilov-catering/data"
2026-08-13T01:23:41.992950Z  INFO get_files:scan_sources: tailwindcss_oxide::scanner: Discovering "/home/z/my-project/nilov-catering/.github"
2026-08-13T01:23:41.992966Z  INFO get_files:scan_sources: tailwindcss_oxide::scanner: Discovering "/home/z/my-project/nilov-catering/.github/workflows"
2026-08-13T01:23:41.993017Z  INFO get_files:scan_sources: tailwindcss_oxide::scanner: Discovering "/home/z/my-project/nilov-catering/snapshots-v4"
2026-08-13T01:23:41.993047Z  INFO get_files:scan_sources: tailwindcss_oxide::scanner: Discovering "/home/z/my-project/nilov-catering/components"
2026-08-13T01:23:41.993066Z  INFO get_files:scan_sources: tailwindcss_oxide::scanner: Discovering "/home/z/my-project/nilov-catering/components/blocks"
2026-08-13T01:23:41.993241Z  INFO get_files:scan_sources: tailwindcss_oxide::scanner: Discovering "/home/z/my-project/nilov-catering/components/effects"
2026-08-13T01:23:41.993323Z  INFO get_files:scan_sources: tailwindcss_oxide::scanner: Discovering "/home/z/my-project/nilov-catering/components/interactive"
2026-08-13T01:23:41.993380Z  INFO get_files:scan_sources: tailwindcss_oxide::scanner: Discovering "/home/z/my-project/nilov-catering/components/common"
2026-08-13T01:23:41.993443Z  INFO get_files:scan_sources: tailwindcss_oxide::scanner: Discovering "/home/z/my-project/nilov-catering/components/facts"
2026-08-13T01:23:41.993464Z  INFO get_files:scan_sources: tailwindcss_oxide::scanner: Discovering "/home/z/my-project/nilov-catering/components/layout"
2026-08-13T01:23:41.993549Z  INFO get_files:scan_sources: tailwindcss_oxide::scanner: Discovering "/home/z/my-project/nilov-catering/snapshots-v7"
2026-08-13T01:23:41.993617Z  INFO get_files:scan_sources: tailwindcss_oxide::scanner: Discovering "/home/z/my-project/nilov-catering/research"
2026-08-13T01:23:41.993649Z  INFO get_files:scan_sources: tailwindcss_oxide::scanner: Discovering "/home/z/my-project/nilov-catering/research/checkpoints"
2026-08-13T01:23:41.993691Z  INFO get_files:scan_sources: tailwindcss_oxide::scanner: Discovering "/home/z/my-project/nilov-catering/research/STRUCTURE"
2026-08-13T01:23:41.994709Z  INFO get_files:scan_sources: tailwindcss_oxide::scanner: Discovering "/home/z/my-project/nilov-catering/snapshots-w90-compressed"
2026-08-13T01:23:41.994755Z  INFO get_files:scan_sources: tailwindcss_oxide::scanner: Discovering "/home/z/my-project/nilov-catering/.githooks"
2026-08-13T01:23:41.994803Z  INFO get_files:scan_sources: tailwindcss_oxide::scanner: Discovering "/home/z/my-project/nilov-catering/snapshots-v8-resized"
2026-08-13T01:23:41.994830Z  INFO get_files:scan_sources: tailwindcss_oxide::scanner: Discovering "/home/z/my-project/nilov-catering/snapshots-v3-resized"
2026-08-13T01:23:41.994863Z  INFO get_files:scan_sources: tailwindcss_oxide::scanner: Discovering "/home/z/my-project/nilov-catering/snapshots-v4-resized"
2026-08-13T01:23:41.994888Z  INFO get_files:scan_sources: tailwindcss_oxide::scanner: Discovering "/home/z/my-project/nilov-catering/public"
2026-08-13T01:23:41.994906Z  INFO get_files:scan_sources: tailwindcss_oxide::scanner: Discovering "/home/z/my-project/nilov-catering/public/placeholders"
2026-08-13T01:23:41.995053Z  INFO get_files:scan_sources: tailwindcss_oxide::scanner: Discovering "/home/z/my-project/nilov-catering/public/videos"
2026-08-13T01:23:41.995071Z  INFO get_files:scan_sources: tailwindcss_oxide::scanner: Discovering "/home/z/my-project/nilov-catering/public/videos/sections"
2026-08-13T01:23:41.995095Z  INFO get_files:scan_sources: tailwindcss_oxide::scanner: Discovering "/home/z/my-project/nilov-catering/public/videos/hero"
2026-08-13T01:23:41.995115Z  INFO get_files:scan_sources: tailwindcss_oxide::scanner: Discovering "/home/z/my-project/nilov-catering/public/videos/gallery"
2026-08-13T01:23:41.995145Z  INFO get_files:scan_sources: tailwindcss_oxide::scanner: Discovering "/home/z/my-project/nilov-catering/public/videos/menu"
2026-08-13T01:23:41.995197Z  INFO get_files:scan_sources: tailwindcss_oxide::scanner: Discovering "/home/z/my-project/nilov-catering/public/uploads"
2026-08-13T01:23:41.995219Z  INFO get_files:scan_sources: tailwindcss_oxide::scanner: Discovering "/home/z/my-project/nilov-catering/public/styles"
2026-08-13T01:23:41.995239Z  INFO get_files:scan_sources: tailwindcss_oxide::scanner: Discovering "/home/z/my-project/nilov-catering/public/critic-shots"
2026-08-13T01:23:41.995266Z  INFO get_files:scan_sources: tailwindcss_oxide::scanner: Discovering "/home/z/my-project/nilov-catering/public/press-kit"
2026-08-13T01:23:41.995295Z  INFO get_files:scan_sources: tailwindcss_oxide::scanner: Discovering "/home/z/my-project/nilov-catering/public/images"
2026-08-13T01:23:41.995315Z  INFO get_files:scan_sources: tailwindcss_oxide::scanner: Discovering "/home/z/my-project/nilov-catering/public/images/catering"
2026-08-13T01:23:41.995714Z  INFO get_files:scan_sources: tailwindcss_oxide::scanner: Discovering "/home/z/my-project/nilov-catering/public/images/restaurant"
2026-08-13T01:23:41.995740Z  INFO get_files:scan_sources: tailwindcss_oxide::scanner: Discovering "/home/z/my-project/nilov-catering/public/images/hero"
2026-08-13T01:23:41.995789Z  INFO get_files:scan_sources: tailwindcss_oxide::scanner: Discovering "/home/z/my-project/nilov-catering/public/images/gallery"
2026-08-13T01:23:41.995962Z  INFO get_files:scan_sources: tailwindcss_oxide::scanner: Discovering "/home/z/my-project/nilov-catering/public/images/real-search"
2026-08-13T01:23:41.996009Z  INFO get_files:scan_sources: tailwindcss_oxide::scanner: Discovering "/home/z/my-project/nilov-catering/public/images/dishes"
2026-08-13T01:23:41.996175Z  INFO get_files:scan_sources: tailwindcss_oxide::scanner: Discovering "/home/z/my-project/nilov-catering/public/images/menu"
2026-08-13T01:23:41.996192Z  INFO get_files:scan_sources: tailwindcss_oxide::scanner: Discovering "/home/z/my-project/nilov-catering/public/images/menu/deserty"
2026-08-13T01:23:41.996330Z  INFO get_files:scan_sources: tailwindcss_oxide::scanner: Discovering "/home/z/my-project/nilov-catering/public/images/menu/goryachee"
2026-08-13T01:23:41.996437Z  INFO get_files:scan_sources: tailwindcss_oxide::scanner: Discovering "/home/z/my-project/nilov-catering/public/images/menu/bbq"
2026-08-13T01:23:41.996510Z  INFO get_files:scan_sources: tailwindcss_oxide::scanner: Discovering "/home/z/my-project/nilov-catering/public/images/menu/napitki"
2026-08-13T01:23:41.996568Z  INFO get_files:scan_sources: tailwindcss_oxide::scanner: Discovering "/home/z/my-project/nilov-catering/public/images/menu/kanape"
2026-08-13T01:23:41.996685Z  INFO get_files:scan_sources: tailwindcss_oxide::scanner: Discovering "/home/z/my-project/nilov-catering/public/images/menu/sezonnye"
2026-08-13T01:23:41.996775Z  INFO get_files:scan_sources: tailwindcss_oxide::scanner: Discovering "/home/z/my-project/nilov-catering/public/images/menu/salaty"
2026-08-13T01:23:41.996889Z  INFO get_files:scan_sources: tailwindcss_oxide::scanner: Discovering "/home/z/my-project/nilov-catering/public/images/testimonials"
2026-08-13T01:23:41.996941Z  INFO get_files:scan_sources: tailwindcss_oxide::scanner: Discovering "/home/z/my-project/nilov-catering/public/images/formats"
2026-08-13T01:23:41.996993Z  INFO get_files:scan_sources: tailwindcss_oxide::scanner: Discovering "/home/z/my-project/nilov-catering/public/images/dishes-new"
2026-08-13T01:23:41.997440Z  INFO get_files:scan_sources: tailwindcss_oxide::scanner: Discovering "/home/z/my-project/nilov-catering/public/images/team"
2026-08-13T01:23:41.997500Z  INFO get_files:scan_sources: tailwindcss_oxide::scanner: Discovering "/home/z/my-project/nilov-catering/public/images/menu-preview"
2026-08-13T01:23:41.997534Z  INFO get_files:scan_sources: tailwindcss_oxide::scanner: Discovering "/home/z/my-project/nilov-catering/public/images/events"
2026-08-13T01:23:41.997585Z  INFO get_files:scan_sources: tailwindcss_oxide::scanner: Discovering "/home/z/my-project/nilov-catering/public/images/_placeholder-sample"
2026-08-13T01:23:41.997612Z  INFO get_files:scan_sources: tailwindcss_oxide::scanner: Discovering "/home/z/my-project/nilov-catering/public/images/real"
2026-08-13T01:23:41.997835Z  INFO get_files:scan_sources: tailwindcss_oxide::scanner: Discovering "/home/z/my-project/examples"
2026-08-13T01:23:41.997854Z  INFO get_files:scan_sources: tailwindcss_oxide::scanner: Discovering "/home/z/my-project/examples/websocket"
2026-08-13T01:23:41.997888Z  INFO get_files:scan_sources: tailwindcss_oxide::scanner: Discovering "/home/z/my-project/src"
2026-08-13T01:23:41.997904Z  INFO get_files:scan_sources: tailwindcss_oxide::scanner: Discovering "/home/z/my-project/src/hooks"
2026-08-13T01:23:41.997933Z  INFO get_files:scan_sources: tailwindcss_oxide::scanner: Discovering "/home/z/my-project/src/lib"
2026-08-13T01:23:41.997958Z  INFO get_files:scan_sources: tailwindcss_oxide::scanner: Discovering "/home/z/my-project/src/app"
2026-08-13T01:23:41.997971Z  INFO get_files:scan_sources: tailwindcss_oxide::scanner: Discovering "/home/z/my-project/src/app/api"
2026-08-13T01:23:41.998019Z  INFO get_files:scan_sources: tailwindcss_oxide::scanner: Discovering "/home/z/my-project/src/components"
2026-08-13T01:23:41.998038Z  INFO get_files:scan_sources: tailwindcss_oxide::scanner: Discovering "/home/z/my-project/src/components/ui"
2026-08-13T01:23:41.998256Z  INFO get_files:scan_sources: tailwindcss_oxide::scanner: Discovering "/home/z/my-project/mini-services"
2026-08-13T01:23:41.998284Z  INFO get_files:scan_sources: tailwindcss_oxide::scanner: Discovering "/home/z/my-project/.clawhub"
2026-08-13T01:23:41.998311Z  INFO get_files:scan_sources: tailwindcss_oxide::scanner: Discovering "/home/z/my-project/tests"
2026-08-13T01:23:41.998352Z  INFO get_files:scan_sources: tailwindcss_oxide::scanner: Discovering "/home/z/my-project/download"
2026-08-13T01:23:41.998388Z  INFO get_files:scan_sources: tailwindcss_oxide::scanner: Discovering "/home/z/my-project/tool-results"
2026-08-13T01:23:41.998546Z  INFO get_files:scan_sources: tailwindcss_oxide::scanner: Discovering "/home/z/my-project/.zscripts"
2026-08-13T01:23:41.998661Z  INFO get_files:scan_sources: tailwindcss_oxide::scanner: Discovering "/home/z/my-project/public"
2026-08-13T01:23:41.998724Z  INFO get_files:scan_sources: tailwindcss_oxide::scanner: exit
2026-08-13T01:23:41.998866Z  INFO get_files: tailwindcss_oxide::scanner: exit
2026-08-13T01:23:41.999775Z  INFO get_globs: tailwindcss_oxide::scanner: enter
2026-08-13T01:23:41.999785Z  INFO get_globs:scan_sources: tailwindcss_oxide::scanner: enter
2026-08-13T01:23:42.000291Z  INFO get_globs:scan_sources: tailwindcss_oxide::scanner: Discovering "/home/z/my-project/upload"
2026-08-13T01:23:42.004556Z  INFO get_globs:scan_sources: tailwindcss_oxide::scanner: Discovering "/home/z/my-project/prisma"
2026-08-13T01:23:42.004632Z  INFO get_globs:scan_sources: tailwindcss_oxide::scanner: Discovering "/home/z/my-project/db"
2026-08-13T01:23:42.004659Z  INFO get_globs:scan_sources: tailwindcss_oxide::scanner: Discovering "/home/z/my-project/nilov-catering"
2026-08-13T01:23:42.004927Z  INFO get_globs:scan_sources: tailwindcss_oxide::scanner: Discovering "/home/z/my-project/nilov-catering/hooks"
2026-08-13T01:23:42.004988Z  INFO get_globs:scan_sources: tailwindcss_oxide::scanner: Discovering "/home/z/my-project/nilov-catering/audit-reports"
2026-08-13T01:23:42.005016Z  INFO get_globs:scan_sources: tailwindcss_oxide::scanner: Discovering "/home/z/my-project/nilov-catering/snapshots-w90"
2026-08-13T01:23:42.005048Z  INFO get_globs:scan_sources: tailwindcss_oxide::scanner: Discovering "/home/z/my-project/nilov-catering/snapshots-v7-resized"
2026-08-13T01:23:42.005078Z  INFO get_globs:scan_sources: tailwindcss_oxide::scanner: Discovering "/home/z/my-project/nilov-catering/lib"
2026-08-13T01:23:42.005192Z  INFO get_globs:scan_sources: tailwindcss_oxide::scanner: Discovering "/home/z/my-project/nilov-catering/critic-hybrid"
2026-08-13T01:23:42.005241Z  INFO get_globs:scan_sources: tailwindcss_oxide::scanner: Discovering "/home/z/my-project/nilov-catering/snapshots-v3"
2026-08-13T01:23:42.005294Z  INFO get_globs:scan_sources: tailwindcss_oxide::scanner: Discovering "/home/z/my-project/nilov-catering/app"
2026-08-13T01:23:42.005318Z  INFO get_globs:scan_sources: tailwindcss_oxide::scanner: Discovering "/home/z/my-project/nilov-catering/app/thank-you"
2026-08-13T01:23:42.005346Z  INFO get_globs:scan_sources: tailwindcss_oxide::scanner: Discovering "/home/z/my-project/nilov-catering/app/blog"
2026-08-13T01:23:42.005363Z  INFO get_globs:scan_sources: tailwindcss_oxide::scanner: Discovering "/home/z/my-project/nilov-catering/app/blog/[slug]"
2026-08-13T01:23:42.005397Z  INFO get_globs:scan_sources: tailwindcss_oxide::scanner: Discovering "/home/z/my-project/nilov-catering/app/info"
2026-08-13T01:23:42.005412Z  INFO get_globs:scan_sources: tailwindcss_oxide::scanner: Discovering "/home/z/my-project/nilov-catering/app/info/degustatsiya"
2026-08-13T01:23:42.005436Z  INFO get_globs:scan_sources: tailwindcss_oxide::scanner: Discovering "/home/z/my-project/nilov-catering/app/allergens"
2026-08-13T01:23:42.005457Z  INFO get_globs:scan_sources: tailwindcss_oxide::scanner: Discovering "/home/z/my-project/nilov-catering/app/plan"
2026-08-13T01:23:42.005472Z  INFO get_globs:scan_sources: tailwindcss_oxide::scanner: Discovering "/home/z/my-project/nilov-catering/app/plan/helper"
2026-08-13T01:23:42.005496Z  INFO get_globs:scan_sources: tailwindcss_oxide::scanner: Discovering "/home/z/my-project/nilov-catering/app/plan/calculator"
2026-08-13T01:23:42.005516Z  INFO get_globs:scan_sources: tailwindcss_oxide::scanner: Discovering "/home/z/my-project/nilov-catering/app/plan/assistant"
2026-08-13T01:23:42.005535Z  INFO get_globs:scan_sources: tailwindcss_oxide::scanner: Discovering "/home/z/my-project/nilov-catering/app/plan/constructor"
2026-08-13T01:23:42.005558Z  INFO get_globs:scan_sources: tailwindcss_oxide::scanner: Discovering "/home/z/my-project/nilov-catering/app/offer"
2026-08-13T01:23:42.005583Z  INFO get_globs:scan_sources: tailwindcss_oxide::scanner: Discovering "/home/z/my-project/nilov-catering/app/certificates"
2026-08-13T01:23:42.005605Z  INFO get_globs:scan_sources: tailwindcss_oxide::scanner: Discovering "/home/z/my-project/nilov-catering/app/media-kit"
2026-08-13T01:23:42.005623Z  INFO get_globs:scan_sources: tailwindcss_oxide::scanner: Discovering "/home/z/my-project/nilov-catering/app/admin"
2026-08-13T01:23:42.005637Z  INFO get_globs:scan_sources: tailwindcss_oxide::scanner: Discovering "/home/z/my-project/nilov-catering/app/admin/[collection]"
2026-08-13T01:23:42.005672Z  INFO get_globs:scan_sources: tailwindcss_oxide::scanner: Discovering "/home/z/my-project/nilov-catering/app/help"
2026-08-13T01:23:42.005686Z  INFO get_globs:scan_sources: tailwindcss_oxide::scanner: Discovering "/home/z/my-project/nilov-catering/app/help/formats"
2026-08-13T01:23:42.005706Z  INFO get_globs:scan_sources: tailwindcss_oxide::scanner: Discovering "/home/z/my-project/nilov-catering/app/api"
2026-08-13T01:23:42.005723Z  INFO get_globs:scan_sources: tailwindcss_oxide::scanner: Discovering "/home/z/my-project/nilov-catering/app/api/quote"
2026-08-13T01:23:42.005742Z  INFO get_globs:scan_sources: tailwindcss_oxide::scanner: Discovering "/home/z/my-project/nilov-catering/app/api/admin"
2026-08-13T01:23:42.005762Z  INFO get_globs:scan_sources: tailwindcss_oxide::scanner: Discovering "/home/z/my-project/nilov-catering/app/api/health"
2026-08-13T01:23:42.005780Z  INFO get_globs:scan_sources: tailwindcss_oxide::scanner: Discovering "/home/z/my-project/nilov-catering/app/api/cms"
2026-08-13T01:23:42.005795Z  INFO get_globs:scan_sources: tailwindcss_oxide::scanner: Discovering "/home/z/my-project/nilov-catering/app/api/cms/[collection]"
2026-08-13T01:23:42.005819Z  INFO get_globs:scan_sources: tailwindcss_oxide::scanner: Discovering "/home/z/my-project/nilov-catering/app/api/calculate"
2026-08-13T01:23:42.005839Z  INFO get_globs:scan_sources: tailwindcss_oxide::scanner: Discovering "/home/z/my-project/nilov-catering/app/api/templates"
2026-08-13T01:23:42.005856Z  INFO get_globs:scan_sources: tailwindcss_oxide::scanner: Discovering "/home/z/my-project/nilov-catering/app/api/templates/[doc]"
2026-08-13T01:23:42.005879Z  INFO get_globs:scan_sources: tailwindcss_oxide::scanner: Discovering "/home/z/my-project/nilov-catering/app/api/contact"
2026-08-13T01:23:42.005900Z  INFO get_globs:scan_sources: tailwindcss_oxide::scanner: Discovering "/home/z/my-project/nilov-catering/app/api/newsletter"
2026-08-13T01:23:42.005920Z  INFO get_globs:scan_sources: tailwindcss_oxide::scanner: Discovering "/home/z/my-project/nilov-catering/app/reviews"
2026-08-13T01:23:42.005944Z  INFO get_globs:scan_sources: tailwindcss_oxide::scanner: Discovering "/home/z/my-project/nilov-catering/app/cookies"
2026-08-13T01:23:42.005963Z  INFO get_globs:scan_sources: tailwindcss_oxide::scanner: Discovering "/home/z/my-project/nilov-catering/app/gallery"
2026-08-13T01:23:42.006003Z  INFO get_globs:scan_sources: tailwindcss_oxide::scanner: Discovering "/home/z/my-project/nilov-catering/app/pricing"
2026-08-13T01:23:42.006021Z  INFO get_globs:scan_sources: tailwindcss_oxide::scanner: Discovering "/home/z/my-project/nilov-catering/app/pricing/pdf"
2026-08-13T01:23:42.006046Z  INFO get_globs:scan_sources: tailwindcss_oxide::scanner: Discovering "/home/z/my-project/nilov-catering/app/seasonal"
2026-08-13T01:23:42.006061Z  INFO get_globs:scan_sources: tailwindcss_oxide::scanner: Discovering "/home/z/my-project/nilov-catering/app/seasonal/bbq"
2026-08-13T01:23:42.006084Z  INFO get_globs:scan_sources: tailwindcss_oxide::scanner: Discovering "/home/z/my-project/nilov-catering/app/seasonal/maslenitsa"
2026-08-13T01:23:42.006103Z  INFO get_globs:scan_sources: tailwindcss_oxide::scanner: Discovering "/home/z/my-project/nilov-catering/app/seasonal/new-year"
2026-08-13T01:23:42.006123Z  INFO get_globs:scan_sources: tailwindcss_oxide::scanner: Discovering "/home/z/my-project/nilov-catering/app/menu"
2026-08-13T01:23:42.006141Z  INFO get_globs:scan_sources: tailwindcss_oxide::scanner: Discovering "/home/z/my-project/nilov-catering/app/menu/bar"
2026-08-13T01:23:42.006162Z  INFO get_globs:scan_sources: tailwindcss_oxide::scanner: Discovering "/home/z/my-project/nilov-catering/app/menu/gluten-free"
2026-08-13T01:23:42.006186Z  INFO get_globs:scan_sources: tailwindcss_oxide::scanner: Discovering "/home/z/my-project/nilov-catering/app/menu/vegan"
2026-08-13T01:23:42.006209Z  INFO get_globs:scan_sources: tailwindcss_oxide::scanner: Discovering "/home/z/my-project/nilov-catering/app/menu/catalog"
2026-08-13T01:23:42.006232Z  INFO get_globs:scan_sources: tailwindcss_oxide::scanner: Discovering "/home/z/my-project/nilov-catering/app/menu/halal"
2026-08-13T01:23:42.006254Z  INFO get_globs:scan_sources: tailwindcss_oxide::scanner: Discovering "/home/z/my-project/nilov-catering/app/menu/furshet"
2026-08-13T01:23:42.006277Z  INFO get_globs:scan_sources: tailwindcss_oxide::scanner: Discovering "/home/z/my-project/nilov-catering/app/menu/detskoe"
2026-08-13T01:23:42.006304Z  INFO get_globs:scan_sources: tailwindcss_oxide::scanner: Discovering "/home/z/my-project/nilov-catering/app/menu/coffee-break"
2026-08-13T01:23:42.006328Z  INFO get_globs:scan_sources: tailwindcss_oxide::scanner: Discovering "/home/z/my-project/nilov-catering/app/menu/show-cooking"
2026-08-13T01:23:42.006351Z  INFO get_globs:scan_sources: tailwindcss_oxide::scanner: Discovering "/home/z/my-project/nilov-catering/app/menu/[format]"
2026-08-13T01:23:42.006366Z  INFO get_globs:scan_sources: tailwindcss_oxide::scanner: Discovering "/home/z/my-project/nilov-catering/app/menu/[format]/pdf"
2026-08-13T01:23:42.006390Z  INFO get_globs:scan_sources: tailwindcss_oxide::scanner: Discovering "/home/z/my-project/nilov-catering/app/menu/banquet"
2026-08-13T01:23:42.006420Z  INFO get_globs:scan_sources: tailwindcss_oxide::scanner: Discovering "/home/z/my-project/nilov-catering/app/subscribe"
2026-08-13T01:23:42.006445Z  INFO get_globs:scan_sources: tailwindcss_oxide::scanner: Discovering "/home/z/my-project/nilov-catering/app/venues"
2026-08-13T01:23:42.006466Z  INFO get_globs:scan_sources: tailwindcss_oxide::scanner: Discovering "/home/z/my-project/nilov-catering/app/careers"
2026-08-13T01:23:42.006485Z  INFO get_globs:scan_sources: tailwindcss_oxide::scanner: Discovering "/home/z/my-project/nilov-catering/app/team"
2026-08-13T01:23:42.006508Z  INFO get_globs:scan_sources: tailwindcss_oxide::scanner: Discovering "/home/z/my-project/nilov-catering/app/why-us"
2026-08-13T01:23:42.006531Z  INFO get_globs:scan_sources: tailwindcss_oxide::scanner: Discovering "/home/z/my-project/nilov-catering/app/account"
2026-08-13T01:23:42.006546Z  INFO get_globs:scan_sources: tailwindcss_oxide::scanner: Discovering "/home/z/my-project/nilov-catering/app/account/orders"
2026-08-13T01:23:42.006568Z  INFO get_globs:scan_sources: tailwindcss_oxide::scanner: Discovering "/home/z/my-project/nilov-catering/app/privacy"
2026-08-13T01:23:42.006596Z  INFO get_globs:scan_sources: tailwindcss_oxide::scanner: Discovering "/home/z/my-project/nilov-catering/app/delivery"
2026-08-13T01:23:42.006615Z  INFO get_globs:scan_sources: tailwindcss_oxide::scanner: Discovering "/home/z/my-project/nilov-catering/app/delivery/order"
2026-08-13T01:23:42.006638Z  INFO get_globs:scan_sources: tailwindcss_oxide::scanner: Discovering "/home/z/my-project/nilov-catering/app/en"
2026-08-13T01:23:42.006673Z  INFO get_globs:scan_sources: tailwindcss_oxide::scanner: Discovering "/home/z/my-project/nilov-catering/app/partners"
2026-08-13T01:23:42.006692Z  INFO get_globs:scan_sources: tailwindcss_oxide::scanner: Discovering "/home/z/my-project/nilov-catering/app/accessibility"
2026-08-13T01:23:42.006711Z  INFO get_globs:scan_sources: tailwindcss_oxide::scanner: Discovering "/home/z/my-project/nilov-catering/app/contact"
2026-08-13T01:23:42.006737Z  INFO get_globs:scan_sources: tailwindcss_oxide::scanner: Discovering "/home/z/my-project/nilov-catering/app/faq"
2026-08-13T01:23:42.006757Z  INFO get_globs:scan_sources: tailwindcss_oxide::scanner: Discovering "/home/z/my-project/nilov-catering/app/terms"
2026-08-13T01:23:42.006775Z  INFO get_globs:scan_sources: tailwindcss_oxide::scanner: Discovering "/home/z/my-project/nilov-catering/app/tasting"
2026-08-13T01:23:42.006794Z  INFO get_globs:scan_sources: tailwindcss_oxide::scanner: Discovering "/home/z/my-project/nilov-catering/app/events"
2026-08-13T01:23:42.006810Z  INFO get_globs:scan_sources: tailwindcss_oxide::scanner: Discovering "/home/z/my-project/nilov-catering/app/events/detskoe"
2026-08-13T01:23:42.006831Z  INFO get_globs:scan_sources: tailwindcss_oxide::scanner: Discovering "/home/z/my-project/nilov-catering/app/events/chef-at-home"
2026-08-13T01:23:42.006851Z  INFO get_globs:scan_sources: tailwindcss_oxide::scanner: Discovering "/home/z/my-project/nilov-catering/app/events/svadba"
2026-08-13T01:23:42.006872Z  INFO get_globs:scan_sources: tailwindcss_oxide::scanner: Discovering "/home/z/my-project/nilov-catering/app/events/recap"
2026-08-13T01:23:42.006894Z  INFO get_globs:scan_sources: tailwindcss_oxide::scanner: Discovering "/home/z/my-project/nilov-catering/app/events/korporativ"
2026-08-13T01:23:42.006912Z  INFO get_globs:scan_sources: tailwindcss_oxide::scanner: Discovering "/home/z/my-project/nilov-catering/app/events/pominki"
2026-08-13T01:23:42.006935Z  INFO get_globs:scan_sources: tailwindcss_oxide::scanner: Discovering "/home/z/my-project/nilov-catering/app/events/vypusknoy"
2026-08-13T01:23:42.006956Z  INFO get_globs:scan_sources: tailwindcss_oxide::scanner: Discovering "/home/z/my-project/nilov-catering/app/events/yubiley"
2026-08-13T01:23:42.006982Z  INFO get_globs:scan_sources: tailwindcss_oxide::scanner: Discovering "/home/z/my-project/nilov-catering/app/events/chastnoe"
2026-08-13T01:23:42.007003Z  INFO get_globs:scan_sources: tailwindcss_oxide::scanner: Discovering "/home/z/my-project/nilov-catering/app/events/nikah"
2026-08-13T01:23:42.007037Z  INFO get_globs:scan_sources: tailwindcss_oxide::scanner: Discovering "/home/z/my-project/nilov-catering/data"
2026-08-13T01:23:42.007135Z  INFO get_globs:scan_sources: tailwindcss_oxide::scanner: Discovering "/home/z/my-project/nilov-catering/.github"
2026-08-13T01:23:42.007151Z  INFO get_globs:scan_sources: tailwindcss_oxide::scanner: Discovering "/home/z/my-project/nilov-catering/.github/workflows"
2026-08-13T01:23:42.007186Z  INFO get_globs:scan_sources: tailwindcss_oxide::scanner: Discovering "/home/z/my-project/nilov-catering/snapshots-v4"
2026-08-13T01:23:42.007214Z  INFO get_globs:scan_sources: tailwindcss_oxide::scanner: Discovering "/home/z/my-project/nilov-catering/components"
2026-08-13T01:23:42.007229Z  INFO get_globs:scan_sources: tailwindcss_oxide::scanner: Discovering "/home/z/my-project/nilov-catering/components/blocks"
2026-08-13T01:23:42.007382Z  INFO get_globs:scan_sources: tailwindcss_oxide::scanner: Discovering "/home/z/my-project/nilov-catering/components/effects"
2026-08-13T01:23:42.007457Z  INFO get_globs:scan_sources: tailwindcss_oxide::scanner: Discovering "/home/z/my-project/nilov-catering/components/interactive"
2026-08-13T01:23:42.007508Z  INFO get_globs:scan_sources: tailwindcss_oxide::scanner: Discovering "/home/z/my-project/nilov-catering/components/common"
2026-08-13T01:23:42.007565Z  INFO get_globs:scan_sources: tailwindcss_oxide::scanner: Discovering "/home/z/my-project/nilov-catering/components/facts"
2026-08-13T01:23:42.007589Z  INFO get_globs:scan_sources: tailwindcss_oxide::scanner: Discovering "/home/z/my-project/nilov-catering/components/layout"
2026-08-13T01:23:42.007670Z  INFO get_globs:scan_sources: tailwindcss_oxide::scanner: Discovering "/home/z/my-project/nilov-catering/snapshots-v7"
2026-08-13T01:23:42.007724Z  INFO get_globs:scan_sources: tailwindcss_oxide::scanner: Discovering "/home/z/my-project/nilov-catering/research"
2026-08-13T01:23:42.007750Z  INFO get_globs:scan_sources: tailwindcss_oxide::scanner: Discovering "/home/z/my-project/nilov-catering/research/checkpoints"
2026-08-13T01:23:42.007784Z  INFO get_globs:scan_sources: tailwindcss_oxide::scanner: Discovering "/home/z/my-project/nilov-catering/research/STRUCTURE"
2026-08-13T01:23:42.008718Z  INFO get_globs:scan_sources: tailwindcss_oxide::scanner: Discovering "/home/z/my-project/nilov-catering/snapshots-w90-compressed"
2026-08-13T01:23:42.008759Z  INFO get_globs:scan_sources: tailwindcss_oxide::scanner: Discovering "/home/z/my-project/nilov-catering/.githooks"
2026-08-13T01:23:42.008802Z  INFO get_globs:scan_sources: tailwindcss_oxide::scanner: Discovering "/home/z/my-project/nilov-catering/snapshots-v8-resized"
2026-08-13T01:23:42.008830Z  INFO get_globs:scan_sources: tailwindcss_oxide::scanner: Discovering "/home/z/my-project/nilov-catering/snapshots-v3-resized"
2026-08-13T01:23:42.008859Z  INFO get_globs:scan_sources: tailwindcss_oxide::scanner: Discovering "/home/z/my-project/nilov-catering/snapshots-v4-resized"
2026-08-13T01:23:42.008884Z  INFO get_globs:scan_sources: tailwindcss_oxide::scanner: Discovering "/home/z/my-project/nilov-catering/public"
2026-08-13T01:23:42.008901Z  INFO get_globs:scan_sources: tailwindcss_oxide::scanner: Discovering "/home/z/my-project/nilov-catering/public/placeholders"
2026-08-13T01:23:42.009034Z  INFO get_globs:scan_sources: tailwindcss_oxide::scanner: Discovering "/home/z/my-project/nilov-catering/public/videos"
2026-08-13T01:23:42.009051Z  INFO get_globs:scan_sources: tailwindcss_oxide::scanner: Discovering "/home/z/my-project/nilov-catering/public/videos/sections"
2026-08-13T01:23:42.009071Z  INFO get_globs:scan_sources: tailwindcss_oxide::scanner: Discovering "/home/z/my-project/nilov-catering/public/videos/hero"
2026-08-13T01:23:42.009091Z  INFO get_globs:scan_sources: tailwindcss_oxide::scanner: Discovering "/home/z/my-project/nilov-catering/public/videos/gallery"
2026-08-13T01:23:42.009108Z  INFO get_globs:scan_sources: tailwindcss_oxide::scanner: Discovering "/home/z/my-project/nilov-catering/public/videos/menu"
2026-08-13T01:23:42.009154Z  INFO get_globs:scan_sources: tailwindcss_oxide::scanner: Discovering "/home/z/my-project/nilov-catering/public/uploads"
2026-08-13T01:23:42.009174Z  INFO get_globs:scan_sources: tailwindcss_oxide::scanner: Discovering "/home/z/my-project/nilov-catering/public/styles"
2026-08-13T01:23:42.009207Z  INFO get_globs:scan_sources: tailwindcss_oxide::scanner: Discovering "/home/z/my-project/nilov-catering/public/critic-shots"
2026-08-13T01:23:42.009228Z  INFO get_globs:scan_sources: tailwindcss_oxide::scanner: Discovering "/home/z/my-project/nilov-catering/public/press-kit"
2026-08-13T01:23:42.009255Z  INFO get_globs:scan_sources: tailwindcss_oxide::scanner: Discovering "/home/z/my-project/nilov-catering/public/images"
2026-08-13T01:23:42.009273Z  INFO get_globs:scan_sources: tailwindcss_oxide::scanner: Discovering "/home/z/my-project/nilov-catering/public/images/catering"
2026-08-13T01:23:42.009650Z  INFO get_globs:scan_sources: tailwindcss_oxide::scanner: Discovering "/home/z/my-project/nilov-catering/public/images/restaurant"
2026-08-13T01:23:42.009673Z  INFO get_globs:scan_sources: tailwindcss_oxide::scanner: Discovering "/home/z/my-project/nilov-catering/public/images/hero"
2026-08-13T01:23:42.009716Z  INFO get_globs:scan_sources: tailwindcss_oxide::scanner: Discovering "/home/z/my-project/nilov-catering/public/images/gallery"
2026-08-13T01:23:42.009881Z  INFO get_globs:scan_sources: tailwindcss_oxide::scanner: Discovering "/home/z/my-project/nilov-catering/public/images/real-search"
2026-08-13T01:23:42.009918Z  INFO get_globs:scan_sources: tailwindcss_oxide::scanner: Discovering "/home/z/my-project/nilov-catering/public/images/dishes"
2026-08-13T01:23:42.010086Z  INFO get_globs:scan_sources: tailwindcss_oxide::scanner: Discovering "/home/z/my-project/nilov-catering/public/images/menu"
2026-08-13T01:23:42.010105Z  INFO get_globs:scan_sources: tailwindcss_oxide::scanner: Discovering "/home/z/my-project/nilov-catering/public/images/menu/deserty"
2026-08-13T01:23:42.010228Z  INFO get_globs:scan_sources: tailwindcss_oxide::scanner: Discovering "/home/z/my-project/nilov-catering/public/images/menu/goryachee"
2026-08-13T01:23:42.010324Z  INFO get_globs:scan_sources: tailwindcss_oxide::scanner: Discovering "/home/z/my-project/nilov-catering/public/images/menu/bbq"
2026-08-13T01:23:42.010391Z  INFO get_globs:scan_sources: tailwindcss_oxide::scanner: Discovering "/home/z/my-project/nilov-catering/public/images/menu/napitki"
2026-08-13T01:23:42.010447Z  INFO get_globs:scan_sources: tailwindcss_oxide::scanner: Discovering "/home/z/my-project/nilov-catering/public/images/menu/kanape"
2026-08-13T01:23:42.010554Z  INFO get_globs:scan_sources: tailwindcss_oxide::scanner: Discovering "/home/z/my-project/nilov-catering/public/images/menu/sezonnye"
2026-08-13T01:23:42.010644Z  INFO get_globs:scan_sources: tailwindcss_oxide::scanner: Discovering "/home/z/my-project/nilov-catering/public/images/menu/salaty"
2026-08-13T01:23:42.010753Z  INFO get_globs:scan_sources: tailwindcss_oxide::scanner: Discovering "/home/z/my-project/nilov-catering/public/images/testimonials"
2026-08-13T01:23:42.010802Z  INFO get_globs:scan_sources: tailwindcss_oxide::scanner: Discovering "/home/z/my-project/nilov-catering/public/images/formats"
2026-08-13T01:23:42.010842Z  INFO get_globs:scan_sources: tailwindcss_oxide::scanner: Discovering "/home/z/my-project/nilov-catering/public/images/dishes-new"
2026-08-13T01:23:42.011309Z  INFO get_globs:scan_sources: tailwindcss_oxide::scanner: Discovering "/home/z/my-project/nilov-catering/public/images/team"
2026-08-13T01:23:42.011367Z  INFO get_globs:scan_sources: tailwindcss_oxide::scanner: Discovering "/home/z/my-project/nilov-catering/public/images/menu-preview"
2026-08-13T01:23:42.011399Z  INFO get_globs:scan_sources: tailwindcss_oxide::scanner: Discovering "/home/z/my-project/nilov-catering/public/images/events"
2026-08-13T01:23:42.011441Z  INFO get_globs:scan_sources: tailwindcss_oxide::scanner: Discovering "/home/z/my-project/nilov-catering/public/images/_placeholder-sample"
2026-08-13T01:23:42.011462Z  INFO get_globs:scan_sources: tailwindcss_oxide::scanner: Discovering "/home/z/my-project/nilov-catering/public/images/real"
2026-08-13T01:23:42.011673Z  INFO get_globs:scan_sources: tailwindcss_oxide::scanner: Discovering "/home/z/my-project/examples"
2026-08-13T01:23:42.011694Z  INFO get_globs:scan_sources: tailwindcss_oxide::scanner: Discovering "/home/z/my-project/examples/websocket"
2026-08-13T01:23:42.011723Z  INFO get_globs:scan_sources: tailwindcss_oxide::scanner: Discovering "/home/z/my-project/src"
2026-08-13T01:23:42.011738Z  INFO get_globs:scan_sources: tailwindcss_oxide::scanner: Discovering "/home/z/my-project/src/hooks"
2026-08-13T01:23:42.011763Z  INFO get_globs:scan_sources: tailwindcss_oxide::scanner: Discovering "/home/z/my-project/src/lib"
2026-08-13T01:23:42.011786Z  INFO get_globs:scan_sources: tailwindcss_oxide::scanner: Discovering "/home/z/my-project/src/app"
2026-08-13T01:23:42.011799Z  INFO get_globs:scan_sources: tailwindcss_oxide::scanner: Discovering "/home/z/my-project/src/app/api"
2026-08-13T01:23:42.011832Z  INFO get_globs:scan_sources: tailwindcss_oxide::scanner: Discovering "/home/z/my-project/src/components"
2026-08-13T01:23:42.011845Z  INFO get_globs:scan_sources: tailwindcss_oxide::scanner: Discovering "/home/z/my-project/src/components/ui"
2026-08-13T01:23:42.012047Z  INFO get_globs:scan_sources: tailwindcss_oxide::scanner: Discovering "/home/z/my-project/mini-services"
2026-08-13T01:23:42.012070Z  INFO get_globs:scan_sources: tailwindcss_oxide::scanner: Discovering "/home/z/my-project/.clawhub"
2026-08-13T01:23:42.012095Z  INFO get_globs:scan_sources: tailwindcss_oxide::scanner: Discovering "/home/z/my-project/tests"
2026-08-13T01:23:42.012129Z  INFO get_globs:scan_sources: tailwindcss_oxide::scanner: Discovering "/home/z/my-project/download"
2026-08-13T01:23:42.012158Z  INFO get_globs:scan_sources: tailwindcss_oxide::scanner: Discovering "/home/z/my-project/tool-results"
2026-08-13T01:23:42.012295Z  INFO get_globs:scan_sources: tailwindcss_oxide::scanner: Discovering "/home/z/my-project/.zscripts"
2026-08-13T01:23:42.012389Z  INFO get_globs:scan_sources: tailwindcss_oxide::scanner: Discovering "/home/z/my-project/public"
2026-08-13T01:23:42.012447Z  INFO get_globs:scan_sources: tailwindcss_oxide::scanner: exit
2026-08-13T01:23:42.044829Z  INFO get_globs: tailwindcss_oxide::scanner: exit
